period,category,actual_sales,sample_sales,factor,estimated_sales,method,error,error_pct
2016-12-26,AUTOMOTIVE,5.0,0.0,2.3097340641494113,0.0,category_level,-5.0,-1.0
2016-12-26,BABY CARE,2.0,0.0,2.7843336724313326,0.0,category_level,-2.0,-1.0
2016-12-26,BEAUTY,3.0,0.0,1.964977908689249,0.0,category_level,-3.0,-1.0
2016-12-26,BEVERAGES,4008.0,0.0,1.9544707649760995,0.0,category_level,-4008.0,-1.0
2016-12-26,BREAD/BAKERY,490.573,0.0,1.998859798703634,0.0,category_level,-490.573,-1.0
2016-12-26,CELEBRATION,7.0,0.0,2.1235664881036094,0.0,category_level,-7.0,-1.0
2016-12-26,CLEANING,405.0,0.0,2.160055926029575,0.0,category_level,-405.0,-1.0
2016-12-26,DAIRY,622.0,0.0,1.9121646467618958,0.0,category_level,-622.0,-1.0
2016-12-26,DELI,195.975,0.0,2.1488492897387452,0.0,category_level,-195.975,-1.0
2016-12-26,EGGS,103.0,0.0,2.1220284663136915,0.0,category_level,-103.0,-1.0
2016-12-26,FROZEN FOODS,777.0,0.0,1.988447322739547,0.0,category_level,-777.0,-1.0
2016-12-26,GROCERY I,1998.0,0.0,2.085151890718367,0.0,category_level,-1998.0,-1.0
2016-12-26,GROCERY II,17.0,0.0,1.8644683666958146,0.0,category_level,-17.0,-1.0
2016-12-26,HOME AND KITCHEN I,44.0,0.0,2.197046924277659,0.0,category_level,-44.0,-1.0
2016-12-26,HOME AND KITCHEN II,16.0,0.0,1.972988890810063,0.0,category_level,-16.0,-1.0
2016-12-26,HOME CARE,139.0,0.0,2.0762181732311964,0.0,category_level,-139.0,-1.0
2016-12-26,LAWN AND GARDEN,32.0,0.0,2.0002537922417662,0.0,category_level,-32.0,-1.0
2016-12-26,LINGERIE,3.0,0.0,2.2340314952445297,0.0,category_level,-3.0,-1.0
2016-12-26,"LIQUOR,WINE,BEER",875.0,0.0,2.188090607257225,0.0,category_level,-875.0,-1.0
2016-12-26,MAGAZINES,4.0,0.0,1.825972405186161,0.0,category_level,-4.0,-1.0
2016-12-26,MEATS,270.711,0.0,1.9545183747007162,0.0,category_level,-270.711,-1.0
2016-12-26,PERSONAL CARE,142.0,0.0,2.122711634769719,0.0,category_level,-142.0,-1.0
2016-12-26,PET SUPPLIES,4.0,0.0,1.7322586922677738,0.0,category_level,-4.0,-1.0
2016-12-26,PLAYERS AND ELECTRONICS,12.0,0.0,1.8749182600507441,0.0,category_level,-12.0,-1.0
2016-12-26,POULTRY,154.199,0.0,1.7357902329698607,0.0,category_level,-154.199,-1.0
2016-12-26,PREPARED FOODS,56.198997,0.0,1.8430942976670825,0.0,category_level,-56.198997,-1.0
2016-12-26,PRODUCE,1682.844,0.0,1.7836736155071242,0.0,category_level,-1682.844,-1.0
2016-12-26,SEAFOOD,14.0,0.0,1.5097721180857726,0.0,category_level,-14.0,-1.0
2017-01-02,AUTOMOTIVE,3165.0,1412.0,2.3097340641494113,3261.344498578969,category_level,96.3444985789688,0.030440599866972763
2017-01-02,BABY CARE,109.0,45.0,2.7843336724313326,125.29501525940996,category_level,16.295015259409965,0.14949555283862354
2017-01-02,BEAUTY,3230.0,1690.0,1.964977908689249,3320.812665684831,category_level,90.81266568483079,0.02811537637301263
2017-01-02,BEVERAGES,1714281.0,912366.0,1.9544707649760995,1783192.673958184,category_level,68911.67395818396,0.040198587021721625
2017-01-02,BOOKS,227.0,153.0,1.6005528680027643,244.88458880442295,category_level,17.884588804422947,0.07878673482124646
2017-01-02,BREAD/BAKERY,245140.9849,126944.496,1.998859798703634,253744.24972109427,category_level,8603.264821094257,0.03509517115060859
2017-01-02,CELEBRATION,5355.0,2589.0,2.1235664881036094,5497.913637700245,category_level,142.9136377002451,0.026687887525722705
2017-01-02,CLEANING,620914.0,302607.0,2.160055926029575,653648.0436080316,category_level,32734.043608031585,0.05271912633316624
2017-01-02,DAIRY,434559.0,230918.0,1.9121646467618958,441553.2359009634,category_level,6994.235900963424,0.016095020241125885
2017-01-02,DELI,142702.9939,66598.2566,2.1488492897387452,143109.6163927487,category_level,406.622492748691,0.0028494321081562884
2017-01-02,EGGS,85819.0,42236.0,2.1220284663136915,89625.99430322507,category_level,3806.994303225074,0.04436073950086897
2017-01-02,FROZEN FOODS,67128.28727,35507.8163,1.988447322739547,70605.42225806264,category_level,3477.1349880626367,0.05179835698886641
2017-01-02,GROCERY I,2132952.211,1072366.869,2.085151890718367,2236047.804439085,category_level,103095.59343908494,0.04833469447060431
2017-01-02,GROCERY II,9320.0,4875.0,1.8644683666958146,9089.283287642096,category_level,-230.71671235790382,-0.02475501205556908
2017-01-02,HARDWARE,561.0,248.0,2.2259140474663246,552.0266837716485,category_level,-8.97331622835145,-0.015995216093318092
2017-01-02,HOME AND KITCHEN I,22056.0,10655.0,2.197046924277659,23409.534978178457,category_level,1353.534978178457,0.06136810746184517
2017-01-02,HOME AND KITCHEN II,11221.0,5416.0,1.972988890810063,10685.7078326273,category_level,-535.2921673726996,-0.04770449758245251
2017-01-02,HOME APPLIANCES,214.0,125.0,1.8807537012113056,235.0942126514132,category_level,21.094212651413187,0.09857108715613638
2017-01-02,HOME CARE,159183.0,79354.0,2.0762181732311964,164756.21691858835,category_level,5573.216918588354,0.035011382613648154
2017-01-02,LADIESWEAR,5580.0,3414.0,1.8303848212840657,6248.9337798638,category_level,668.9337798637998,0.1198806057103584
2017-01-02,LAWN AND GARDEN,5843.0,3222.0,2.0002537922417662,6444.817718602971,category_level,601.8177186029707,0.10299806924575915
2017-01-02,LINGERIE,3078.0,1355.0,2.2340314952445297,3027.112676056338,category_level,-50.88732394366207,-0.01653259387383433
2017-01-02,"LIQUOR,WINE,BEER",33591.0,16494.0,2.188090607257225,36090.366476100666,category_level,2499.3664761006657,0.07440583716175957
2017-01-02,MAGAZINES,1716.0,911.0,1.825972405186161,1663.4608611245926,category_level,-52.53913887540739,-0.030617213796857452
2017-01-02,MEATS,163887.26447,87084.3032,1.9545183747007162,170207.87075240837,category_level,6320.606282408378,0.03856679347750894
2017-01-02,PERSONAL CARE,185956.0,90750.0,2.122711634769719,192636.080855352,category_level,6680.080855351989,0.03592291109376406
2017-01-02,PET SUPPLIES,3627.0,2262.0,1.7322586922677738,3918.3691619097044,category_level,291.3691619097044,0.08033337797345035
2017-01-02,PLAYERS AND ELECTRONICS,5648.0,3111.0,1.8749182600507441,5832.870707017865,category_level,184.87070701786524,0.03273206569013195
2017-01-02,POULTRY,185310.2023,111270.9022,1.7357902329698607,193142.94525250458,category_level,7832.742952504574,0.04226827695014919
2017-01-02,PREPARED FOODS,47747.77806,27512.28904,1.8430942976670825,50707.74304539257,category_level,2959.964985392573,0.06199168015049983
2017-01-02,PRODUCE,1099164.1949,642493.7199,1.7836736155071242,1145999.0963146547,category_level,46834.90141465468,0.04260955881929509
2017-01-02,SCHOOL AND OFFICE SUPPLIES,739.0,435.0,1.8319417822682824,796.8946752867029,category_level,57.894675286702864,0.07834191513762227
2017-01-02,SEAFOOD,10321.246994,7028.471,1.5097721180857726,10611.389548574427,category_level,290.1425545744278,0.02811119186887931
2017-01-09,AUTOMOTIVE,2507.0,1093.0,2.3097340641494113,2524.5393321153065,category_level,17.53933211530648,0.006996143643919617
2017-01-09,BABY CARE,128.0,39.0,2.7843336724313326,108.58901322482197,category_level,-19.41098677517803,-0.15164833418107837
2017-01-09,BEAUTY,2339.0,1233.0,1.964977908689249,2422.817761413844,category_level,83.81776141384398,0.03583487020685933
2017-01-09,BEVERAGES,1395062.0,737001.0,1.9544707649760995,1440446.9082581503,category_level,45384.90825815033,0.03253253852384362
2017-01-09,BOOKS,187.0,119.0,1.6005528680027643,190.46579129232896,category_level,3.4657912923289587,0.018533643274486408
2017-01-09,BREAD/BAKERY,212560.6831,108717.27429999999,1.998859798703634,217310.58902290574,category_level,4749.905922905746,0.022346117135270658
2017-01-09,CELEBRATION,5464.0,2747.0,2.1235664881036094,5833.437142820615,category_level,369.437142820615,0.0676129470755152
2017-01-09,CLEANING,452087.0,216474.0,2.160055926029575,467595.9465313262,category_level,15508.946531326219,0.03430522561216363
2017-01-09,DAIRY,350699.0,185470.0,1.9121646467618958,354649.1770349288,category_level,3950.1770349288126,0.011263724832203151
2017-01-09,DELI,112548.96496,52573.5878,2.1488492897387452,112972.71680304756,category_level,423.7518430475611,0.0037650443360199974
2017-01-09,EGGS,69967.0,32437.0,2.1220284663136915,68832.23736181721,category_level,-1134.7626381827868,-0.016218540714662437
2017-01-09,FROZEN FOODS,51429.2977,26222.01608,1.988447322739547,52141.09767110935,category_level,711.7999711093507,0.013840359541004401
2017-01-09,GROCERY I,1644260.592,813414.172,2.085151890718367,1696092.0986829149,category_level,51831.506682914915,0.03152268377354319
2017-01-09,GROCERY II,7701.0,4134.0,1.8644683666958146,7707.712227920498,category_level,6.712227920497753,0.000871604716335249
2017-01-09,HARDWARE,478.0,200.0,2.2259140474663246,445.1828094932649,category_level,-32.81719050673507,-0.06865521026513614
2017-01-09,HOME AND KITCHEN I,21278.0,10217.0,2.197046924277659,22447.22842534484,category_level,1169.2284253448415,0.05495010928399481
2017-01-09,HOME AND KITCHEN II,10258.0,5121.0,1.972988890810063,10103.676109838332,category_level,-154.3238901616678,-0.015044247432410587
2017-01-09,HOME APPLIANCES,133.0,93.0,1.8807537012113056,174.91009421265142,category_level,41.910094212651416,0.31511349032068736
2017-01-09,HOME CARE,112361.0,55124.0,2.0762181732311964,114449.45058119648,category_level,2088.4505811964773,0.018586970400730478
2017-01-09,LADIESWEAR,4649.0,2634.0,1.8303848212840657,4821.233619262229,category_level,172.23361926222879,0.03704745520805093
2017-01-09,LAWN AND GARDEN,5581.0,2977.0,2.0002537922417662,5954.755539503738,category_level,373.75553950373796,0.06696927781826519
2017-01-09,LINGERIE,2407.0,1151.0,2.2340314952445297,2571.370251026454,category_level,164.37025102645384,0.06828843000683583
2017-01-09,"LIQUOR,WINE,BEER",30399.0,14197.0,2.188090607257225,31064.32235123082,category_level,665.3223512308214,0.021886323603763986
2017-01-09,MAGAZINES,2295.0,1271.0,1.825972405186161,2320.810926991611,category_level,25.810926991610813,0.01124659128174763
2017-01-09,MEATS,146059.8648,76372.8427,1.9545183747007162,149272.12438527745,category_level,3212.2595852774393,0.021992760226609762
2017-01-09,PERSONAL CARE,137901.0,65244.0,2.122711634769719,138494.19789891553,category_level,593.1978989155323,0.004301621445207303
2017-01-09,PET SUPPLIES,3006.0,1799.0,1.7322586922677738,3116.333387389725,category_level,110.33338738972498,0.036704387022529934
2017-01-09,PLAYERS AND ELECTRONICS,4459.0,2345.0,1.8749182600507441,4396.683319818995,category_level,-62.31668018100481,-0.013975483332811126
2017-01-09,POULTRY,154910.77974,92209.9313,1.7357902329698607,160057.09813336184,category_level,5146.318393361842,0.033221176744441853
2017-01-09,PREPARED FOODS,42476.797829999996,23941.85973,1.8430942976670825,44127.10514390816,category_level,1650.3073139081607,0.038851970916286956
2017-01-09,PRODUCE,907538.8994999999,524818.026,1.7836736155071242,936104.0659187319,category_level,28565.16641873191,0.031475418226667336
2017-01-09,SCHOOL AND OFFICE SUPPLIES,705.0,422.0,1.8319417822682824,773.0794321172152,category_level,68.07943211721522,0.09656657037902867
2017-01-09,SEAFOOD,8538.700069,5775.99207,1.5097721180857726,8720.431781570527,category_level,181.73171257052672,0.021283299694564634
2017-01-16,AUTOMOTIVE,2443.0,1087.0,2.3097340641494113,2510.68092773041,category_level,67.68092773041008,0.02770402281228411
2017-01-16,BABY CARE,88.0,25.0,2.7843336724313326,69.60834181078332,category_level,-18.391658189216685,-0.20899611578655322
2017-01-16,BEAUTY,2170.0,1146.0,1.964977908689249,2251.864683357879,category_level,81.86468335787913,0.03772566053358485
2017-01-16,BEVERAGES,1431048.0,755828.0,1.9544707649760995,1477243.7293503555,category_level,46195.729350355454,0.03228104812022759
2017-01-16,BOOKS,164.0,101.0,1.6005528680027643,161.65583966827919,category_level,-2.344160331720815,-0.014293660559273261
2017-01-16,BREAD/BAKERY,213760.111,110058.872,1.998859798703634,219992.25473146903,category_level,6232.1437314690265,0.029154848873880996
2017-01-16,CELEBRATION,5072.0,2393.0,2.1235664881036094,5081.694606031937,category_level,9.694606031936928,0.0019113970883156404
2017-01-16,CLEANING,446966.0,214431.0,2.160055926029575,463182.95227444783,category_level,16216.95227444783,0.0362822950167302
2017-01-16,DAIRY,352660.0,187029.0,1.9121646467618958,357630.2417192306,category_level,4970.241719230602,0.01409357942276017
2017-01-16,DELI,115669.6149,54675.7127,2.1488492897387452,117489.86640135468,category_level,1820.25150135468,0.015736643568220958
2017-01-16,EGGS,69233.0,33525.0,2.1220284663136915,71141.00433316651,category_level,1908.0043331665074,0.027559174572335553
2017-01-16,FROZEN FOODS,48680.856139999996,25069.80702,1.988447322739547,49849.9906505161,category_level,1169.1345105161017,0.024016309556138832
2017-01-16,GROCERY I,1633606.692,810182.478,2.085151890718367,1689353.5258285915,category_level,55746.83382859151,0.034125003344802354
2017-01-16,GROCERY II,7342.0,4175.0,1.8644683666958146,7784.155430955026,category_level,442.1554309550256,0.06022275006197571
2017-01-16,HARDWARE,437.0,231.0,2.2259140474663246,514.1861449647209,category_level,77.18614496472094,0.17662733401537972
2017-01-16,HOME AND KITCHEN I,15585.0,6998.0,2.197046924277659,15374.934376095058,category_level,-210.06562390494219,-0.013478705415780699
2017-01-16,HOME AND KITCHEN II,9552.0,4761.0,1.972988890810063,9393.40010914671,category_level,-158.59989085328925,-0.01660384116973296
2017-01-16,HOME APPLIANCES,171.0,95.0,1.8807537012113056,178.67160161507402,category_level,7.6716016150740245,0.04486316733961418
2017-01-16,HOME CARE,111639.0,56195.0,2.0762181732311964,116673.08024472708,category_level,5034.0802447270835,0.045092487793039024
2017-01-16,LADIESWEAR,4891.0,2673.0,1.8303848212840657,4892.618627292308,category_level,1.6186272923077922,0.0003309399493575531
2017-01-16,LAWN AND GARDEN,5590.0,2998.0,2.0002537922417662,5996.760869140815,category_level,406.760869140815,0.07276580843306171
2017-01-16,LINGERIE,2549.0,1234.0,2.2340314952445297,2756.7948651317497,category_level,207.7948651317497,0.0815201510913102
2017-01-16,"LIQUOR,WINE,BEER",30701.0,13960.0,2.188090607257225,30545.74487731086,category_level,-155.255122689141,-0.0050570053968646295
2017-01-16,MAGAZINES,2488.0,1381.0,1.825972405186161,2521.6678915620882,category_level,33.66789156208824,0.013532110756466336
2017-01-16,MEATS,140105.11705,73520.1767,1.9545183747007162,143696.53627139344,category_level,3591.419221393444,0.02563374769610846
2017-01-16,PERSONAL CARE,121667.0,58642.0,2.122711634769719,124480.05568616586,category_level,2813.055686165855,0.023120942294671976
2017-01-16,PET SUPPLIES,3034.0,1786.0,1.7322586922677738,3093.814024390244,category_level,59.81402439024396,0.01971457626573631
2017-01-16,PLAYERS AND ELECTRONICS,4432.0,2455.0,1.8749182600507441,4602.924328424577,category_level,170.92432842457674,0.038565958579552514
2017-01-16,POULTRY,151971.83712,89483.6862,1.7357902329698607,155324.9085160999,category_level,3353.0713960998983,0.022063768258932383
2017-01-16,PREPARED FOODS,43298.49364,24319.20083,1.8430942976670825,44822.580373593584,category_level,1524.0867335935836,0.03519953248871462
2017-01-16,PRODUCE,925539.0081,534904.193,1.7836736155071242,954094.4958782305,category_level,28555.48777823057,0.030852819306720444
2017-01-16,SCHOOL AND OFFICE SUPPLIES,667.0,408.0,1.8319417822682824,747.4322471654592,category_level,80.43224716545922,0.1205880767098339
2017-01-16,SEAFOOD,8349.023007,5644.54901,1.5097721180857726,8521.98271446665,category_level,172.9597074666508,0.020716161318712102
2017-01-23,AUTOMOTIVE,2305.0,1072.0,2.3097340641494113,2476.034916768169,category_level,171.03491676816884,0.07420169924866327
2017-01-23,BABY CARE,116.0,33.0,2.7843336724313326,91.88301119023397,category_level,-24.116988809766028,-0.20790507594625887
2017-01-23,BEAUTY,1998.0,981.0,1.964977908689249,1927.6433284241532,category_level,-70.3566715758468,-0.03521354933726066
2017-01-23,BEVERAGES,1285322.0,667984.0,1.9544707649760995,1305555.1994717948,category_level,20233.199471794767,0.015741735901038625
2017-01-23,BOOKS,161.0,99.0,1.6005528680027643,158.45473393227365,category_level,-2.5452660677263452,-0.01580910601072264
2017-01-23,BREAD/BAKERY,211541.4002,107571.3173,1.998859798703634,215019.98164456274,category_level,3478.581444562733,0.016443974755172924
2017-01-23,CELEBRATION,5162.0,2425.0,2.1235664881036094,5149.648733651253,category_level,-12.351266348747231,-0.002392728854852234
2017-01-23,CLEANING,419245.0,201411.0,2.160055926029575,435059.0241175427,category_level,15814.024117542722,0.03772024500600537
2017-01-23,DAIRY,343196.0,181545.0,1.9121646467618958,347143.93079638836,category_level,3947.930796388362,0.011503428933869748
2017-01-23,DELI,114154.1461,53613.858,2.1488492897387452,115208.10068345394,category_level,1053.9545834539458,0.009232731525411899
2017-01-23,EGGS,68595.0,32273.0,2.1220284663136915,68484.22469334176,category_level,-110.77530665823724,-0.001614918094004479
2017-01-23,FROZEN FOODS,48017.92487,25001.772109999998,1.988447322739547,49714.70681587377,category_level,1696.781945873765,0.03533642802073393
2017-01-23,GROCERY I,1579746.121,770688.814,2.085151890718367,1607003.2376675957,category_level,27257.116667595692,0.017254112104001608
2017-01-23,GROCERY II,7165.0,3971.0,1.8644683666958146,7403.80388414908,category_level,238.80388414907975,0.03332922318898531
2017-01-23,HARDWARE,418.0,225.0,2.2259140474663246,500.830660679923,category_level,82.83066067992303,0.19815947531082065
2017-01-23,HOME AND KITCHEN I,13369.0,5951.0,2.197046924277659,13074.626246376349,category_level,-294.3737536236513,-0.0220191303480927
2017-01-23,HOME AND KITCHEN II,9197.0,4518.0,1.972988890810063,8913.963808679864,category_level,-283.0361913201359,-0.030774838677844505
2017-01-23,HOME APPLIANCES,198.0,115.0,1.8807537012113056,216.28667563930014,category_level,18.286675639300142,0.09235694767323305
2017-01-23,HOME CARE,107557.0,53054.0,2.0762181732311964,110151.6789626079,category_level,2594.678962607897,0.02412375728783712
2017-01-23,LADIESWEAR,4634.0,2546.0,1.8303848212840657,4660.159754989231,category_level,26.15975498923126,0.005645178029613997
2017-01-23,LAWN AND GARDEN,5872.0,3088.0,2.0002537922417662,6176.783710442574,category_level,304.7837104425744,0.05190458284103787
2017-01-23,LINGERIE,2232.0,1030.0,2.2340314952445297,2301.0524401018656,category_level,69.05244010186561,0.030937473163918285
2017-01-23,"LIQUOR,WINE,BEER",30670.0,14448.0,2.188090607257225,31613.533093652382,category_level,943.5330936523824,0.030764039571319932
2017-01-23,MAGAZINES,2507.0,1299.0,1.825972405186161,2371.938154336823,category_level,-135.06184566317688,-0.05387389136943633
2017-01-23,MEATS,132534.4523,69630.0294,1.9545183747007162,136093.17189325107,category_level,3558.719593251066,0.02685127928242901
2017-01-23,PERSONAL CARE,121548.0,56848.0,2.122711634769719,120671.91101338898,category_level,-876.0889866110228,-0.007207761432611173
2017-01-23,PET SUPPLIES,2831.0,1647.0,1.7322586922677738,2853.0300661650235,category_level,22.030066165023527,0.007781725950202588
2017-01-23,PLAYERS AND ELECTRONICS,4340.0,2296.0,1.8749182600507441,4304.812325076508,category_level,-35.18767492349161,-0.0081077591989612
2017-01-23,POULTRY,149433.0989,88493.7076,1.7357902329698607,153606.51333137072,category_level,4173.4144313707075,0.027928313486716476
2017-01-23,PREPARED FOODS,43034.54911,24163.92203,1.8430942976670825,44536.386902765,category_level,1501.837792765,0.03489842054406504
2017-01-23,PRODUCE,889540.2085,510308.83999999997,1.7836736155071242,910224.4136680465,category_level,20684.205168046523,0.02325269276239414
2017-01-23,SCHOOL AND OFFICE SUPPLIES,584.0,337.0,1.8319417822682824,617.3643806244112,category_level,33.36438062441118,0.05713078874043011
2017-01-23,SEAFOOD,8174.967102,5544.192106,1.5097721180857726,8370.466658950041,category_level,195.49955695004155,0.023914415129843488
2017-01-30,AUTOMOTIVE,3108.0,1365.0,2.3097340641494113,3152.7869975639464,category_level,44.78699756394644,0.014410230876430645
2017-01-30,BABY CARE,153.0,47.0,2.7843336724313326,130.86368260427264,category_level,-22.13631739572736,-0.14468181304396968
2017-01-30,BEAUTY,2428.0,1299.0,1.964977908689249,2552.5063033873344,category_level,124.50630338733436,0.05127936712822667
2017-01-30,BEVERAGES,1362405.0,702379.0,1.9544707649760995,1372779.2214331478,category_level,10374.221433147788,0.0076146384027860935
2017-01-30,BOOKS,183.0,98.0,1.6005528680027643,156.8541810642709,category_level,-26.145818935729096,-0.14287332751764534
2017-01-30,BREAD/BAKERY,227537.5402,114390.321,1.998859798703634,228650.21400770408,category_level,1112.6738077040936,0.0048900669609334806
2017-01-30,CELEBRATION,5311.0,2441.0,2.1235664881036094,5183.625797460911,category_level,-127.37420253908931,-0.023983092174560218
2017-01-30,CLEANING,525794.0,249270.0,2.160055926029575,538437.1406813922,category_level,12643.140681392164,0.02404580630701789
2017-01-30,DAIRY,376155.0,197284.0,1.9121646467618958,377239.4901717738,category_level,1084.4901717738248,0.002883093862300979
2017-01-30,DELI,130766.7604,61156.4417,2.1488492897387452,131415.97630999397,category_level,649.2159099939745,0.0049646860410711416
2017-01-30,EGGS,74431.0,34535.0,2.1220284663136915,73284.25308414333,category_level,-1146.7469158566673,-0.01540684547912385
2017-01-30,FROZEN FOODS,50802.01881,26524.57273,1.988447322739547,52742.7156317789,category_level,1940.6968217788963,0.03820117521386541
2017-01-30,GROCERY I,1866652.7280000001,905538.71,2.085151890718367,1888185.7532751707,category_level,21533.02527517057,0.011535635392793087
2017-01-30,GROCERY II,7709.0,4252.0,1.8644683666958146,7927.719495190604,category_level,218.719495190604,0.028371967205941626
2017-01-30,HARDWARE,416.0,206.0,2.2259140474663246,458.5382937780629,category_level,42.538293778062894,0.10225551388957427
2017-01-30,HOME AND KITCHEN I,13677.0,6462.0,2.197046924277659,14197.317224682234,category_level,520.3172246822342,0.03804322765827551
2017-01-30,HOME AND KITCHEN II,11690.0,6001.0,1.972988890810063,11839.906333751189,category_level,149.90633375118887,0.01282346738675696
2017-01-30,HOME APPLIANCES,221.0,120.0,1.8807537012113056,225.69044414535668,category_level,4.690444145356679,0.02122372916450986
2017-01-30,HOME CARE,127925.0,61906.0,2.0762181732311964,128530.36223205045,category_level,605.362232050451,0.0047321651909357125
2017-01-30,LADIESWEAR,4955.0,2748.0,1.8303848212840657,5029.897488888612,category_level,74.89748888861232,0.015115537616268883
2017-01-30,LAWN AND GARDEN,5635.0,3118.0,2.0002537922417662,6236.7913242098275,category_level,601.7913242098275,0.10679526605320808
2017-01-30,LINGERIE,2621.0,1227.0,2.2340314952445297,2741.156644665038,category_level,120.15664466503813,0.04584381711752695
2017-01-30,"LIQUOR,WINE,BEER",30369.0,14538.0,2.188090607257225,31810.461248305535,category_level,1441.4612483055353,0.047464890128273415
2017-01-30,MAGAZINES,2034.0,1116.0,1.825972405186161,2037.7852041877557,category_level,3.785204187755653,0.0018609656773626612
2017-01-30,MEATS,148618.9221,77018.1098,1.9545183747007162,150533.31078881733,category_level,1914.3886888173292,0.012881190778178368
2017-01-30,PERSONAL CARE,148307.0,71175.0,2.122711634769719,151084.00060473473,category_level,2777.000604734727,0.018724676547531318
2017-01-30,PET SUPPLIES,3403.0,2012.0,1.7322586922677738,3485.304488842761,category_level,82.3044888427612,0.024185862134223097
2017-01-30,PLAYERS AND ELECTRONICS,4712.0,2481.0,1.8749182600507441,4651.672203185896,category_level,-60.32779681410375,-0.012803012906218962
2017-01-30,POULTRY,164447.07184,96452.8999,1.7357902329698607,167422.00158803965,category_level,2974.9297480396635,0.018090499969097312
2017-01-30,PREPARED FOODS,47167.11199,26387.337,1.8430942976670825,48634.35035531962,category_level,1467.238365319623,0.03110723348147106
2017-01-30,PRODUCE,947236.7894,544429.064,1.7836736155071242,971083.7569720396,category_level,23846.967572039575,0.025175297073443223
2017-01-30,SCHOOL AND OFFICE SUPPLIES,623.0,338.0,1.8319417822682824,619.1963224066794,category_level,-3.8036775933205718,-0.006105421498106857
2017-01-30,SEAFOOD,8954.546078,6026.97005,1.5097721180857726,9099.351338028015,category_level,144.80526002801525,0.01617114466402495
2017-02-06,AUTOMOTIVE,2883.0,1271.0,2.3097340641494113,2935.6719955339017,category_level,52.671995533901736,0.0182698562379125
2017-02-06,BABY CARE,108.0,36.0,2.7843336724313326,100.23601220752798,category_level,-7.763987792472022,-0.07188877585622243
2017-02-06,BEAUTY,1908.0,1033.0,1.964977908689249,2029.8221796759942,category_level,121.82217967599422,0.06384810255555252
2017-02-06,BEVERAGES,1263005.0,662503.0,1.9544707649760995,1294842.745208961,category_level,31837.745208960958,0.025207932833964202
2017-02-06,BOOKS,135.0,95.0,1.6005528680027643,152.05252246026262,category_level,17.052522460262622,0.12631498118713053
2017-02-06,BREAD/BAKERY,213930.3499,108205.259,1.998859798703634,216287.1422234146,category_level,2356.7923234145856,0.01101663379934754
2017-02-06,CELEBRATION,5133.0,2502.0,2.1235664881036094,5313.163353235231,category_level,180.16335323523072,0.03509903628194637
2017-02-06,CLEANING,451985.0,218297.0,2.160055926029575,471533.72848447814,category_level,19548.72848447814,0.04325083461725088
2017-02-06,DAIRY,347596.0,185694.0,1.9121646467618958,355077.50191580347,category_level,7481.50191580347,0.021523555840123217
2017-02-06,DELI,116218.92079999999,54956.6044,2.1488492897387452,118093.46033139319,category_level,1874.539531393195,0.016129383395489204
2017-02-06,EGGS,66811.0,32254.0,2.1220284663136915,68443.90615248181,category_level,1632.9061524818098,0.024440678218883266
2017-02-06,FROZEN FOODS,50367.97,26175.96786,1.988447322739547,52049.53321133343,category_level,1681.5632113334286,0.033385566488651985
2017-02-06,GROCERY I,1636312.251,809724.646,2.085151890718367,1688398.8765681603,category_level,52086.62556816032,0.03183171520981317
2017-02-06,GROCERY II,7907.0,4437.0,1.8644683666958146,8272.64614302933,category_level,365.6461430293293,0.04624334678504228
2017-02-06,HARDWARE,461.0,237.0,2.2259140474663246,527.5416292495189,category_level,66.5416292495189,0.14434192895774167
2017-02-06,HOME AND KITCHEN I,12346.0,5835.0,2.197046924277659,12819.768803160141,category_level,473.76880316014103,0.03837427532481298
2017-02-06,HOME AND KITCHEN II,11091.0,5697.0,1.972988890810063,11240.117710944929,category_level,149.11771094492906,0.013444929307089447
2017-02-06,HOME APPLIANCES,226.0,124.0,1.8807537012113056,233.2134589502019,category_level,7.213458950201897,0.031917959956645564
2017-02-06,HOME CARE,106439.0,52237.0,2.0762181732311964,108455.40871507801,category_level,2016.4087150780106,0.018944265871325458
2017-02-06,LADIESWEAR,4464.0,2466.0,1.8303848212840657,4513.728969286506,category_level,49.72896928650607,0.011140002080310499
2017-02-06,LAWN AND GARDEN,6223.0,3239.0,2.0002537922417662,6478.822033071081,category_level,255.82203307108102,0.041109116675410735
2017-02-06,LINGERIE,2436.0,1123.0,2.2340314952445297,2508.8173691596066,category_level,72.81736915960664,0.029892187668147226
2017-02-06,"LIQUOR,WINE,BEER",32802.0,14972.0,2.188090607257225,32760.09257185517,category_level,-41.90742814483019,-0.0012775875905380828
2017-02-06,MAGAZINES,2422.0,1341.0,1.825972405186161,2448.628995354642,category_level,26.62899535464203,0.010994630617110665
2017-02-06,MEATS,135195.90045,69726.44424,1.9545183747007162,136281.61646962492,category_level,1085.7160196249315,0.008030687439568229
2017-02-06,PERSONAL CARE,117093.0,56360.0,2.122711634769719,119636.02773562135,category_level,2543.0277356213483,0.021718016752678197
2017-02-06,PET SUPPLIES,2926.0,1726.0,1.7322586922677738,2989.8785028541774,category_level,63.87850285417744,0.021831340688372333
2017-02-06,PLAYERS AND ELECTRONICS,4100.0,2190.0,1.8749182600507441,4106.0709895111295,category_level,6.070989511129483,0.0014807291490559714
2017-02-06,POULTRY,145508.0403,86456.3423,1.7357902329698607,150070.07454263902,category_level,4562.034242639027,0.031352454704449945
2017-02-06,PREPARED FOODS,43724.02229,24715.2831,1.8430942976670825,45552.59734683762,category_level,1828.575056837617,0.04182083351594634
2017-02-06,PRODUCE,905298.7864,522263.163,1.7836736155071242,931547.0241943966,category_level,26248.237794396584,0.028994005281698217
2017-02-06,SCHOOL AND OFFICE SUPPLIES,487.0,312.0,1.8319417822682824,571.5658360677041,category_level,84.56583606770414,0.17364648063183602
2017-02-06,SEAFOOD,8506.029941,5742.24596,1.5097721180857726,8669.482845598672,category_level,163.452904598671,0.01921612147293416
2017-02-13,AUTOMOTIVE,2787.0,1266.0,2.3097340641494113,2924.1233252131547,category_level,137.12332521315466,0.049201049592089936
2017-02-13,BABY CARE,99.0,36.0,2.7843336724313326,100.23601220752798,category_level,1.2360122075279776,0.012484971793211895
2017-02-13,BEAUTY,1784.0,981.0,1.964977908689249,1927.6433284241532,category_level,143.6433284241532,0.08051756077587062
2017-02-13,BEVERAGES,1199955.0,621734.0,1.9544707649760995,1215160.9265916504,category_level,15205.92659165035,0.012672080696068061
2017-02-13,BOOKS,128.0,76.0,1.6005528680027643,121.64201796821008,category_level,-6.357982031789916,-0.04967173462335872
2017-02-13,BREAD/BAKERY,206879.9203,104962.6391,1.998859798703634,209805.5996628282,category_level,2925.679362828203,0.01414192038833748
2017-02-13,CELEBRATION,4924.0,2266.0,2.1235664881036094,4812.001662042779,category_level,-111.99833795722134,-0.022745397635503928
2017-02-13,CLEANING,415552.0,198098.0,2.160055926029575,427902.75883460674,category_level,12350.758834606735,0.029721331709645808
2017-02-13,DAIRY,339473.0,179397.0,1.9121646467618958,343036.60113514384,category_level,3563.6011351438356,0.010497450858076594
2017-02-13,DELI,111052.99513,52137.659,2.1488492897387452,112035.9715107909,category_level,982.9763807909039,0.008851417106222302
2017-02-13,EGGS,69056.0,33916.0,2.1220284663136915,71970.71746349517,category_level,2914.717463495166,0.04220802629018718
2017-02-13,FROZEN FOODS,46058.36605,24216.92708,1.988447322739547,48154.08381720484,category_level,2095.717767204842,0.045501348548269704
2017-02-13,GROCERY I,1602222.824,787489.644,2.085151890718367,1642035.5201077336,category_level,39812.69610773353,0.024848414035408554
2017-02-13,GROCERY II,7991.0,4401.0,1.8644683666958146,8205.52528182828,category_level,214.52528182828064,0.026845861823086053
2017-02-13,HARDWARE,476.0,237.0,2.2259140474663246,527.5416292495189,category_level,51.541629249518905,0.1082807337174767
2017-02-13,HOME AND KITCHEN I,11230.0,5371.0,2.197046924277659,11800.339030295307,category_level,570.3390302953067,0.05078709085443514
2017-02-13,HOME AND KITCHEN II,10182.0,5234.0,1.972988890810063,10326.62385449987,category_level,144.6238544998705,0.014203874926327882
2017-02-13,HOME APPLIANCES,218.0,132.0,1.8807537012113056,248.25948855989233,category_level,30.259488559892333,0.1388049933940015
2017-02-13,HOME CARE,107058.0,52387.0,2.0762181732311964,108766.84144106269,category_level,1708.8414410626865,0.0159618285514645
2017-02-13,LADIESWEAR,4431.0,2402.0,1.8303848212840657,4396.584340724326,category_level,-34.41565927567444,-0.0077670185681955415
2017-02-13,LAWN AND GARDEN,12318.0,5848.0,2.0002537922417662,11697.48417702985,category_level,-620.5158229701501,-0.050374721786828225
2017-02-13,LINGERIE,2232.0,1006.0,2.2340314952445297,2247.435684215997,category_level,15.435684215996844,0.006915629129030844
2017-02-13,"LIQUOR,WINE,BEER",19002.0,8940.0,2.188090607257225,19561.53002887959,category_level,559.5300288795916,0.02944584932531268
2017-02-13,MAGAZINES,2702.0,1425.0,1.825972405186161,2602.0106773902794,category_level,-99.9893226097206,-0.03700567084001503
2017-02-13,MEATS,135653.68881,70958.0179,1.9545183747007162,138688.74981789233,category_level,3035.0610078923346,0.02237359731620213
2017-02-13,PERSONAL CARE,112294.0,53444.0,2.122711634769719,113446.20060863285,category_level,1152.2006086328474,0.010260571434207059
2017-02-13,PET SUPPLIES,2904.0,1671.0,1.7322586922677738,2894.60427477945,category_level,-9.395725220550048,-0.003235442569059934
2017-02-13,PLAYERS AND ELECTRONICS,3880.0,2065.0,1.8749182600507441,3871.706207004787,category_level,-8.293792995213153,-0.002137575514230194
2017-02-13,POULTRY,142274.01903,83768.05197,1.7357902329698607,145403.7664444377,category_level,3129.7474144377047,0.021998024908383054
2017-02-13,PREPARED FOODS,44398.20396,24878.341,1.8430942976670825,45853.12843251719,category_level,1454.9244725171884,0.03276989478736537
2017-02-13,PRODUCE,881896.49,504633.27119999996,1.7836736155071242,900101.0513464911,category_level,18204.5613464911,0.02064251479954422
2017-02-13,SCHOOL AND OFFICE SUPPLIES,427.0,289.0,1.8319417822682824,529.4311750755336,category_level,102.43117507553359,0.23988565591459857
2017-02-13,SEAFOOD,8284.38807,5636.52005,1.5097721180857726,8509.860814521426,category_level,225.47274452142483,0.027216584087595114
2017-02-20,AUTOMOTIVE,2882.0,1327.0,2.3097340641494113,3065.017103126269,category_level,183.01710312626892,0.06350350559551315
2017-02-20,BABY CARE,91.0,35.0,2.7843336724313326,97.45167853509663,category_level,6.451678535096633,0.07089756631974321
2017-02-20,BEAUTY,1867.0,1012.0,1.964977908689249,1988.55764359352,category_level,121.55764359351997,0.06510853968587037
2017-02-20,BEVERAGES,1205691.0,604761.0,1.9544707649760995,1181987.694297711,category_level,-23703.3057022891,-0.01965951948077003
2017-02-20,BOOKS,96.0,65.0,1.6005528680027643,104.03593642017968,category_level,8.03593642017968,0.08370767104353834
2017-02-20,BREAD/BAKERY,196205.9114,96871.38,1.998859798703634,193632.30712694325,category_level,-2573.604273056757,-0.013116853894427346
2017-02-20,CELEBRATION,4718.0,2308.0,2.1235664881036094,4901.19145454313,category_level,183.19145454313002,0.038828201471625697
2017-02-20,CLEANING,468178.0,216213.0,2.160055926029575,467032.1719346325,category_level,-1145.8280653674738,-0.0024474197108097216
2017-02-20,DAIRY,313762.0,161989.0,1.9121646467618958,309749.63896431273,category_level,-4012.361035687267,-0.012787912607923417
2017-02-20,DELI,109183.86634,50347.96454,2.1488492897387452,108190.18784157053,category_level,-993.6784984294645,-0.009100964563162992
2017-02-20,EGGS,69322.0,32879.0,2.1220284663136915,69770.17394392786,category_level,448.1739439278608,0.006465104064046923
2017-02-20,FROZEN FOODS,51037.68998,22486.65998,1.988447322739547,44713.53883458552,category_level,-6324.151145414486,-0.12391139073678126
2017-02-20,GROCERY I,1606259.251,768692.268,2.085151890718367,1602840.1360007897,category_level,-3419.114999210229,-0.002128619646599146
2017-02-20,GROCERY II,7437.0,4300.0,1.8644683666958146,8017.2139767920025,category_level,580.2139767920025,0.07801720812047903
2017-02-20,HARDWARE,497.0,253.0,2.2259140474663246,563.1562540089801,category_level,66.15625400898011,0.13311117506837045
2017-02-20,HOME AND KITCHEN I,18358.0,5959.0,2.197046924277659,13092.202621770572,category_level,-5265.797378229428,-0.2868393821892052
2017-02-20,HOME AND KITCHEN II,10543.0,5507.0,1.972988890810063,10865.249821691017,category_level,322.24982169101713,0.030565287080623837
2017-02-20,HOME APPLIANCES,191.0,85.0,1.8807537012113056,159.86406460296098,category_level,-31.13593539703902,-0.16301536857088492
2017-02-20,HOME CARE,112648.0,54652.0,2.0762181732311964,113469.47560343135,category_level,821.4756034313468,0.007292411790989159
2017-02-20,LADIESWEAR,3513.0,1922.0,1.8303848212840657,3517.999626507974,category_level,4.9996265079739715,0.0014231786245300232
2017-02-20,LAWN AND GARDEN,5157.0,2718.0,2.0002537922417662,5436.689807313121,category_level,279.6898073131206,0.05423498299653298
2017-02-20,LINGERIE,2488.0,1084.0,2.2340314952445297,2421.6901408450703,category_level,-66.30985915492965,-0.0266518726506952
2017-02-20,"LIQUOR,WINE,BEER",50042.0,19686.0,2.188090607257225,43074.751694465725,category_level,-6967.248305534275,-0.1392280145784396
2017-02-20,MAGAZINES,2728.0,1521.0,1.825972405186161,2777.3040282881507,category_level,49.304028288150676,0.018073324152547903
2017-02-20,MEATS,130654.33874,66477.1336,1.9545183747007162,129930.77911863437,category_level,-723.559621365639,-0.005537968569153381
2017-02-20,PERSONAL CARE,118150.0,55765.0,2.122711634769719,118373.01431293337,category_level,223.01431293337373,0.0018875523735368068
2017-02-20,PET SUPPLIES,3042.0,1776.0,1.7322586922677738,3076.4914374675664,category_level,34.49143746756636,0.011338408108996173
2017-02-20,PLAYERS AND ELECTRONICS,3937.0,2028.0,1.8749182600507441,3802.334231382909,category_level,-134.6657686170911,-0.03420517363908841
2017-02-20,POULTRY,134457.7603,76281.03134,1.7357902329698607,132407.86916083985,category_level,-2049.891139160143,-0.015245614195762737
2017-02-20,PREPARED FOODS,41590.41097,22777.131,1.8430942976670825,41980.400263316136,category_level,389.9892933161391,0.009376904056020178
2017-02-20,PRODUCE,827237.5152,458806.4809,1.7836736155071242,818361.0146050034,category_level,-8876.500594996614,-0.0107302926087081
2017-02-20,SCHOOL AND OFFICE SUPPLIES,284.0,169.0,1.8319417822682824,309.5981612033397,category_level,25.598161203339714,0.09013437043429477
2017-02-20,SEAFOOD,7562.231008,4991.058025,1.5097721180857726,7535.360245893244,category_level,-26.870762106756047,-0.003553285013156801
2017-02-27,AUTOMOTIVE,3515.0,1575.0,2.3097340641494113,3637.831151035323,category_level,122.83115103532282,0.03494485093465798
2017-02-27,BABY CARE,141.0,54.0,2.7843336724313326,150.35401831129195,category_level,9.354018311291952,0.0663405553992337
2017-02-27,BEAUTY,2343.0,1263.0,1.964977908689249,2481.7670986745215,category_level,138.76709867452155,0.059226247833769334
2017-02-27,BEVERAGES,1483081.0,781735.0,1.9544707649760995,1527878.2034585911,category_level,44797.20345859113,0.030205500211108585
2017-02-27,BOOKS,130.0,91.0,1.6005528680027643,145.65031098825156,category_level,15.650310988251562,0.12038700760193509
2017-02-27,BREAD/BAKERY,234583.9753,120462.72409999999,1.998859798703634,240788.09644581738,category_level,6204.121145817393,0.026447335705191255
2017-02-27,CELEBRATION,5472.0,2636.0,2.1235664881036094,5597.721262641115,category_level,125.72126264111466,0.022975376944648147
2017-02-27,CLEANING,546399.0,265266.0,2.160055926029575,572989.3952741612,category_level,26590.395274161245,0.048664794910241865
2017-02-27,DAIRY,393612.0,211174.0,1.9121646467618958,403799.45711529657,category_level,10187.457115296565,0.025881977976526544
2017-02-27,DELI,135926.9384,64605.527799999996,2.1488492897387452,138827.54252622675,category_level,2900.604126226739,0.021339435437668468
2017-02-27,EGGS,83991.0,41259.0,2.1220284663136915,87552.7724916366,category_level,3561.7724916365987,0.0424065970358324
2017-02-27,FROZEN FOODS,56797.33998,28308.3061,1.988447322739547,56289.57547583659,category_level,-507.7645041634096,-0.008939934587468503
2017-02-27,GROCERY I,2029739.095,1017099.742,2.085151890718367,2120807.450080463,category_level,91068.35508046323,0.04486702517816125
2017-02-27,GROCERY II,9225.0,5233.0,1.8644683666958146,9756.762962919198,category_level,531.7629629191979,0.05764368161725723
2017-02-27,HARDWARE,563.0,273.0,2.2259140474663246,607.6745349583066,category_level,44.674534958306594,0.07935086138242735
2017-02-27,HOME AND KITCHEN I,15787.0,7762.0,2.197046924277659,17053.47822624319,category_level,1266.4782262431909,0.08022285590949457
2017-02-27,HOME AND KITCHEN II,12626.0,6469.0,1.972988890810063,12763.265134650297,category_level,137.2651346502971,0.010871624794099248
2017-02-27,HOME APPLIANCES,320.0,201.0,1.8807537012113056,378.0314939434724,category_level,58.03149394347241,0.1813484185733513
2017-02-27,HOME CARE,141882.0,70614.0,2.0762181732311964,146610.0700845477,category_level,4728.070084547711,0.03332395994240081
2017-02-27,LADIESWEAR,5404.0,2974.0,1.8303848212840657,5443.564458498811,category_level,39.56445849881129,0.0073213283676556795
2017-02-27,LAWN AND GARDEN,5982.0,3176.0,2.0002537922417662,6352.80604415985,category_level,370.80604415985,0.06198696826476931
2017-02-27,LINGERIE,2734.0,1252.0,2.2340314952445297,2797.0074320461513,category_level,63.00743204615128,0.02304587858308386
2017-02-27,"LIQUOR,WINE,BEER",42029.0,17605.0,2.188090607257225,38521.33514076344,category_level,-3507.66485923656,-0.0834582040790064
2017-02-27,MAGAZINES,2856.0,1610.0,1.825972405186161,2939.8155723497193,category_level,83.81557234971933,0.029347189198081
2017-02-27,MEATS,149221.72921,79469.19,1.9545183747007162,155323.99207758243,category_level,6102.262867582438,0.04089392945577459
2017-02-27,PERSONAL CARE,154128.0,75644.0,2.122711634769719,160570.3989005206,category_level,6442.3989005206095,0.041799017054140776
2017-02-27,PET SUPPLIES,3686.0,2187.0,1.7322586922677738,3788.4497599896213,category_level,102.44975998962127,0.02779429191253968
2017-02-27,PLAYERS AND ELECTRONICS,5151.0,2795.0,1.8749182600507441,5240.396536841829,category_level,89.3965368418294,0.017355180905033858
2017-02-27,POULTRY,169059.1805,100064.7904,1.7357902329698607,173691.4858404963,category_level,4632.305340496299,0.027400495653628818
2017-02-27,PREPARED FOODS,46978.63707,26714.786,1.8430942976670825,49237.86973999641,category_level,2259.2326699964106,0.048090638871239835
2017-02-27,PRODUCE,990215.431,573314.361,1.7836736155071242,1022605.6991070267,category_level,32390.2681070267,0.03271032453444638
2017-02-27,SCHOOL AND OFFICE SUPPLIES,592.0,403.0,1.8319417822682824,738.2725382541178,category_level,146.27253825411776,0.24708199029411784
2017-02-27,SEAFOOD,10259.136,6873.66702,1.5097721180857726,10377.67081580172,category_level,118.53481580172047,0.011554073929980114
2017-03-06,AUTOMOTIVE,2882.0,1308.0,2.3097340641494113,3021.13215590743,category_level,139.13215590742993,0.04827625118231434
2017-03-06,BABY CARE,106.0,39.0,2.7843336724313326,108.58901322482197,category_level,2.5890132248219686,0.024424653064358193
2017-03-06,BEAUTY,1540.0,823.0,1.964977908689249,1617.176818851252,category_level,77.17681885125194,0.05011481743587788
2017-03-06,BEVERAGES,1335778.0,709712.0,1.9544707649760995,1387111.3555527176,category_level,51333.35555271758,0.038429556073477464
2017-03-06,BOOKS,118.0,71.0,1.6005528680027643,113.63925362819627,category_level,-4.360746371803728,-0.036955477727150236
2017-03-06,BREAD/BAKERY,217091.73,109562.851,1.998859798703634,219000.77829525626,category_level,1909.0482952562452,0.008793740301651495
2017-03-06,CELEBRATION,5340.0,2591.0,2.1235664881036094,5502.160770676452,category_level,162.16077067645165,0.030367185519934767
2017-03-06,CLEANING,440749.0,214397.0,2.160055926029575,463109.5103729628,category_level,22360.510372962803,0.05073298038784615
2017-03-06,DAIRY,355641.0,190218.0,1.9121646467618958,363728.1347777543,category_level,8087.134777754312,0.022739601951839952
2017-03-06,DELI,117684.871,55689.058899999996,2.1488492897387452,119667.39466348414,category_level,1982.5236634841422,0.01684603676443799
2017-03-06,EGGS,74111.0,35226.0,2.1220284663136915,74750.5747543661,category_level,639.5747543660982,0.0086299571503029
2017-03-06,FROZEN FOODS,47454.23576,23978.64981,1.988447322739547,47680.28201760364,category_level,226.04625760363706,0.004763457971315078
2017-03-06,GROCERY I,1761522.721,865176.3319999999,2.085151890718367,1804024.0644745813,category_level,42501.34347458137,0.024127615822323176
2017-03-06,GROCERY II,8392.0,4753.0,1.8644683666958146,8861.818146905207,category_level,469.81814690520696,0.05598404991720769
2017-03-06,HARDWARE,526.0,233.0,2.2259140474663246,518.6379730596536,category_level,-7.362026940346368,-0.01399624893601971
2017-03-06,HOME AND KITCHEN I,10647.0,4906.0,2.197046924277659,10778.712210506195,category_level,131.71221050619533,0.012370828449910335
2017-03-06,HOME AND KITCHEN II,11744.0,6496.0,1.972988890810063,12816.53583470217,category_level,1072.5358347021702,0.09132628020284146
2017-03-06,HOME APPLIANCES,255.0,132.0,1.8807537012113056,248.25948855989233,category_level,-6.740511440107667,-0.026433378196500656
2017-03-06,HOME CARE,116195.0,57513.0,2.0762181732311964,119409.5357970458,category_level,3214.535797045799,0.027665009656575576
2017-03-06,LADIESWEAR,4510.0,2491.0,1.8303848212840657,4559.488589818608,category_level,49.48858981860758,0.01097307978239636
2017-03-06,LAWN AND GARDEN,6316.0,3182.0,2.0002537922417662,6364.8075669133,category_level,48.807566913300434,0.007727607174366756
2017-03-06,LINGERIE,2637.0,1148.0,2.2340314952445297,2564.6681565407202,category_level,-72.33184345927975,-0.027429595547698048
2017-03-06,"LIQUOR,WINE,BEER",31856.0,14779.0,2.188090607257225,32337.791084654527,category_level,481.79108465452737,0.015124029528331471
2017-03-06,MAGAZINES,2478.0,1426.0,1.825972405186161,2603.8366497954657,category_level,125.83664979546575,0.05078153744772629
2017-03-06,MEATS,134101.48112,69371.4081,1.9545183747007162,135587.6918103121,category_level,1486.2106903120875,0.011082731360604135
2017-03-06,PERSONAL CARE,117665.0,56382.0,2.122711634769719,119682.72739158629,category_level,2017.7273915862897,0.01714806774815187
2017-03-06,PET SUPPLIES,3295.0,1916.0,1.7322586922677738,3319.0076543850546,category_level,24.007654385054593,0.007286086308059057
2017-03-06,PLAYERS AND ELECTRONICS,4186.0,2390.0,1.8749182600507441,4481.054641521278,category_level,295.0546415212784,0.0704860586529571
2017-03-06,POULTRY,145151.91703,84711.32306,1.7357902329698607,147041.08718950252,category_level,1889.1701595025079,0.013015123728004598
2017-03-06,PREPARED FOODS,41619.90217,23375.08421,1.8430942976670825,43082.48441493887,category_level,1462.5822449388652,0.035141414772308324
2017-03-06,PRODUCE,897007.2297,510346.549,1.7836736155071242,910291.6742164138,category_level,13284.444516413729,0.014809740742955496
2017-03-06,SCHOOL AND OFFICE SUPPLIES,645.0,432.0,1.8319417822682824,791.398849939898,category_level,146.398849939898,0.2269749611471287
2017-03-06,SEAFOOD,8748.30599,5851.55399,1.5097721180857726,8834.513061575555,category_level,86.20707157555444,0.00985414452513388
2017-03-13,AUTOMOTIVE,2832.0,1280.0,2.3097340641494113,2956.4596021112466,category_level,124.45960211124657,0.04394759961555317
2017-03-13,BABY CARE,102.0,42.0,2.7843336724313326,116.94201424211597,category_level,14.942014242115974,0.14649033570701936
2017-03-13,BEAUTY,1447.0,754.0,1.964977908689249,1481.5933431516937,category_level,34.593343151693716,0.023906940671522957
2017-03-13,BEVERAGES,1426100.0,758230.0,1.9544707649760995,1481938.368127828,category_level,55838.368127828,0.03915459513907019
2017-03-13,BOOKS,102.0,59.0,1.6005528680027643,94.43261921216309,category_level,-7.56738078783691,-0.07419000772389128
2017-03-13,BREAD/BAKERY,223622.7692,115282.9567,1.998859798703634,230434.46762332175,category_level,6811.698423321737,0.030460665734935086
2017-03-13,CELEBRATION,5664.0,2694.0,2.1235664881036094,5720.888118951124,category_level,56.88811895112394,0.01004380631199222
2017-03-13,CLEANING,439747.0,210329.0,2.160055926029575,454322.4028658745,category_level,14575.402865874523,0.033144973964289746
2017-03-13,DAIRY,372220.0,198725.0,1.9121646467618958,379994.91942775773,category_level,7774.9194277577335,0.020887967943038346
2017-03-13,DELI,120331.387,57881.2047,2.1488492897387452,124377.98560881792,category_level,4046.5986088179197,0.03362878721590668
2017-03-13,EGGS,74136.0,35411.0,2.1220284663136915,75143.15002063413,category_level,1007.1500206341298,0.013585168078047504
2017-03-13,FROZEN FOODS,48049.29706,23931.6331,1.988447322739547,47586.79176648012,category_level,-462.50529351987643,-0.009625641202249806
2017-03-13,GROCERY I,1707199.264,845545.522,2.085151890718367,1763090.8438867484,category_level,55891.579886748455,0.03273875584727786
2017-03-13,GROCERY II,8144.0,4500.0,1.8644683666958146,8390.107650131165,category_level,246.10765013116543,0.0302195051732767
2017-03-13,HARDWARE,581.0,223.0,2.2259140474663246,496.3788325849904,category_level,-84.62116741500961,-0.14564744821860517
2017-03-13,HOME AND KITCHEN I,10542.0,4993.0,2.197046924277659,10969.855292918352,category_level,427.85529291835155,0.040585780015021014
2017-03-13,HOME AND KITCHEN II,11229.0,5458.0,1.972988890810063,10768.573366041324,category_level,-460.42663395867567,-0.04100335149689872
2017-03-13,HOME APPLIANCES,299.0,159.0,1.8807537012113056,299.0398384925976,category_level,0.03983849259759609,0.0001332391056775789
2017-03-13,HOME CARE,115375.0,56285.0,2.0762181732311964,116859.93988031789,category_level,1484.939880317892,0.012870551508714124
2017-03-13,LADIESWEAR,4587.0,2615.0,1.8303848212840657,4786.4563076578315,category_level,199.45630765783153,0.04348295348982593
2017-03-13,LAWN AND GARDEN,5397.0,2823.0,2.0002537922417662,5646.716455498507,category_level,249.71645549850655,0.046269493329350854
2017-03-13,LINGERIE,2586.0,1168.0,2.2340314952445297,2609.3487864456106,category_level,23.348786445610585,0.00902891973921523
2017-03-13,"LIQUOR,WINE,BEER",33894.0,15749.0,2.188090607257225,34460.23897369403,category_level,566.2389736940313,0.016706171407742706
2017-03-13,MAGAZINES,2305.0,1247.0,1.825972405186161,2276.9875892671425,category_level,-28.01241073285746,-0.012152889688875254
2017-03-13,MEATS,136622.15108,70043.6077,1.9545183747007162,136901.51827997857,category_level,279.36719997855835,0.002044816289087507
2017-03-13,PERSONAL CARE,117195.0,56347.0,2.122711634769719,119608.43248436935,category_level,2413.4324843693466,0.02059330589504114
2017-03-13,PET SUPPLIES,3341.0,1998.0,1.7322586922677738,3461.052867151012,category_level,120.05286715101192,0.03593321375367014
2017-03-13,PLAYERS AND ELECTRONICS,4313.0,2292.0,1.8749182600507441,4297.312652036306,category_level,-15.687347963694265,-0.003637224197471427
2017-03-13,POULTRY,145358.71451,85089.0101,1.7357902329698607,147696.67266465383,category_level,2337.9581546538393,0.01608405909845191
2017-03-13,PREPARED FOODS,42465.39201,23660.81297,1.8430942976670825,43609.10946317435,category_level,1143.717453174344,0.026932930535646875
2017-03-13,PRODUCE,901967.9792,514048.6835,1.7836736155071242,916895.0738451224,category_level,14927.094645122415,0.01654947291849761
2017-03-13,SCHOOL AND OFFICE SUPPLIES,759.0,506.0,1.8319417822682824,926.9625418277509,category_level,167.9625418277509,0.22129452151218826
2017-03-13,SEAFOOD,9958.47898,6535.61299,1.5097721180857726,9867.286266901188,category_level,-91.19271309881151,-0.00915729332581385
2017-03-20,AUTOMOTIVE,2789.0,1241.0,2.3097340641494113,2866.3799736094193,category_level,77.37997360941927,0.027744701903699986
2017-03-20,BABY CARE,76.0,18.0,2.7843336724313326,50.11800610376399,category_level,-25.88199389623601,-0.3405525512662633
2017-03-20,BEAUTY,1524.0,791.0,1.964977908689249,1554.297525773196,category_level,30.297525773195957,0.019880266255377924
2017-03-20,BEVERAGES,1409934.0,739236.0,1.9544707649760995,1444815.150417872,category_level,34881.150417872006,0.024739562573760195
2017-03-20,BOOKS,107.0,58.0,1.6005528680027643,92.83206634416032,category_level,-14.167933655839676,-0.1324105949143895
2017-03-20,BREAD/BAKERY,211630.8922,110016.856,1.998859798703634,219908.2706381667,category_level,8277.378438166692,0.0391123354067998
2017-03-20,CELEBRATION,5101.0,2490.0,2.1235664881036094,5287.680555377988,category_level,186.68055537798773,0.03659685461242653
2017-03-20,CLEANING,438476.0,211237.0,2.160055926029575,456283.73364670936,category_level,17807.733646709356,0.0406127898601277
2017-03-20,DAIRY,368017.0,197062.0,1.9121646467618958,376814.98962019273,category_level,8797.989620192733,0.023906476114398882
2017-03-20,DELI,120371.2393,58142.5063,2.1488492897387452,124939.48336638552,category_level,4568.244066385523,0.03795129212718443
2017-03-20,EGGS,73018.0,35278.0,2.1220284663136915,74860.9202346144,category_level,1842.9202346144011,0.02523925928694844
2017-03-20,FROZEN FOODS,49245.7871,23722.2091,1.988447322739547,47170.36317436272,category_level,-2075.423925637282,-0.042144192383865506
2017-03-20,GROCERY I,1728515.851,838765.494,2.085151890718367,1748953.4556834248,category_level,20437.60468342481,0.011823787830236571
2017-03-20,GROCERY II,8183.0,4367.0,1.8644683666958146,8142.1333573606225,category_level,-40.86664263937746,-0.004994090509516981
2017-03-20,HARDWARE,568.0,274.0,2.2259140474663246,609.9004490057729,category_level,41.900449005772884,0.0737683961369241
2017-03-20,HOME AND KITCHEN I,9799.0,4331.0,2.197046924277659,9515.410229046542,category_level,-283.58977095345836,-0.028940684861053
2017-03-20,HOME AND KITCHEN II,10110.0,5011.0,1.972988890810063,9886.647331849226,category_level,-223.35266815077375,-0.02209225204260868
2017-03-20,HOME APPLIANCES,248.0,134.0,1.8807537012113056,252.02099596231494,category_level,4.020995962314942,0.016213693396431215
2017-03-20,HOME CARE,113835.0,55397.0,2.0762181732311964,115016.25814248859,category_level,1181.2581424885866,0.01037693277540815
2017-03-20,LADIESWEAR,4486.0,2517.0,1.8303848212840657,4607.078595171994,category_level,121.07859517199358,0.02699032438073865
2017-03-20,LAWN AND GARDEN,5151.0,2749.0,2.0002537922417662,5498.697674872616,category_level,347.6976748726156,0.06750100463455942
2017-03-20,LINGERIE,2419.0,1111.0,2.2340314952445297,2482.0089912166727,category_level,63.00899121667271,0.026047536674937043
2017-03-20,"LIQUOR,WINE,BEER",37801.0,16876.0,2.188090607257225,36926.217088072925,category_level,-874.7829119270755,-0.023141792860693514
2017-03-20,MAGAZINES,2177.0,1189.0,1.825972405186161,2171.0811897663452,category_level,-5.918810233654767,-0.0027187920228088046
2017-03-20,MEATS,135457.86362,70718.8515,1.9545183747007162,138221.2946944813,category_level,2763.431074481312,0.02040066926076412
2017-03-20,PERSONAL CARE,118248.0,56492.0,2.122711634769719,119916.22567141095,category_level,1668.2256714109535,0.014107855282211567
2017-03-20,PET SUPPLIES,3222.0,1907.0,1.7322586922677738,3303.417326154645,category_level,81.4173261546448,0.025269188750665673
2017-03-20,PLAYERS AND ELECTRONICS,4044.0,2186.0,1.8749182600507441,4098.571316470927,category_level,54.57131647092683,0.013494390818725725
2017-03-20,POULTRY,140966.24217,83254.7311,1.7357902329698607,144512.74909191212,category_level,3546.506921912107,0.025158554752670162
2017-03-20,PREPARED FOODS,41259.40782,23183.0619,1.8430942976670825,42728.569190353,category_level,1469.161370353002,0.03560791218241489
2017-03-20,PRODUCE,880521.5414,502753.9098,1.7836736155071242,896748.8840033086,category_level,16227.342603308614,0.01842923976341076
2017-03-20,SCHOOL AND OFFICE SUPPLIES,2605.0,815.0,1.8319417822682824,1493.03255254865,category_level,-1111.96744745135,-0.4268589049717274
2017-03-20,SEAFOOD,9465.74898,6335.22901,1.5097721180857726,9564.752120986132,category_level,99.00314098613126,0.010459092164319284
2017-03-27,AUTOMOTIVE,3079.0,1404.0,2.3097340641494113,3242.8666260657733,category_level,163.8666260657733,0.05322072947897801
2017-03-27,BABY CARE,91.0,37.0,2.7843336724313326,103.02034587995931,category_level,12.020345879959308,0.1320917129665858
2017-03-27,BEAUTY,1718.0,874.0,1.964977908689249,1717.3906921944035,category_level,-0.6093078055964725,-0.00035466112083613064
2017-03-27,BEVERAGES,1457075.0,751313.0,1.9544707649760995,1468419.2938464882,category_level,11344.293846488232,0.007785662266175888
2017-03-27,BOOKS,76.0,46.0,1.6005528680027643,73.62543192812716,category_level,-2.3745680718728437,-0.031244316735168996
2017-03-27,BREAD/BAKERY,215961.0765,111209.3766,1.998859798703634,222291.95212463263,category_level,6330.8756246326375,0.029314891957545126
2017-03-27,CELEBRATION,4744.0,2275.0,2.1235664881036094,4831.113760435711,category_level,87.1137604357109,0.018362934324559634
2017-03-27,CLEANING,489729.0,232332.0,2.160055926029575,501850.1134063032,category_level,12121.113406303222,0.024750654762742706
2017-03-27,DAIRY,391924.0,206946.0,1.9121646467618958,395714.8249887873,category_level,3790.8249887872953,0.009672347161151895
2017-03-27,DELI,130199.7716,61762.0227,2.1488492897387452,132717.27861172328,category_level,2517.5070117232826,0.01933572525347873
2017-03-27,EGGS,75150.0,36373.0,2.1220284663136915,77184.5414052279,category_level,2034.5414052278938,0.02707307259118954
2017-03-27,FROZEN FOODS,47363.16711,24829.65912,1.988447322739547,49372.469201699576,category_level,2009.3020916995738,0.04242330516101278
2017-03-27,GROCERY I,2005631.0,956356.857,2.085151890718367,1994149.3085750246,category_level,-11481.691424975405,-0.00572472774153142
2017-03-27,GROCERY II,8079.0,4519.0,1.8644683666958146,8425.532549098387,category_level,346.5325490983869,0.04289300025973349
2017-03-27,HARDWARE,471.0,214.0,2.2259140474663246,476.34560615779344,category_level,5.345606157793441,0.011349482288308791
2017-03-27,HOME AND KITCHEN I,10523.0,5292.0,2.197046924277659,11626.772323277371,category_level,1103.7723232773715,0.10489141150597467
2017-03-27,HOME AND KITCHEN II,10846.0,5960.0,1.972988890810063,11759.013789227976,category_level,913.0137892279763,0.08417977035109499
2017-03-27,HOME APPLIANCES,227.0,117.0,1.8807537012113056,220.04818304172275,category_level,-6.951816958277249,-0.030624744309591403
2017-03-27,HOME CARE,127977.0,61610.0,2.0762181732311964,127915.80165277401,category_level,-61.19834722598898,-0.0004781980139086631
2017-03-27,LADIESWEAR,4583.0,2536.0,1.8303848212840657,4641.855906776391,category_level,58.85590677639084,0.012842222731047532
2017-03-27,LAWN AND GARDEN,5296.0,2888.0,2.0002537922417662,5776.732951994221,category_level,480.73295199422137,0.09077283836748892
2017-03-27,LINGERIE,2640.0,1180.0,2.2340314952445297,2636.157164388545,category_level,-3.8428356114550297,-0.0014556195497935718
2017-03-27,"LIQUOR,WINE,BEER",18887.0,9162.0,2.188090607257225,20047.286143690693,category_level,1160.2861436906933,0.06143305679518681
2017-03-27,MAGAZINES,2012.0,1072.0,1.825972405186161,1957.4424183595645,category_level,-54.5575816404355,-0.027116094254689613
2017-03-27,MEATS,145874.2686,75757.6021,1.9545183747007162,148069.62532771556,category_level,2195.3567277155526,0.015049650282980423
2017-03-27,PERSONAL CARE,141730.0,66881.0,2.122711634769719,141969.07684503356,category_level,239.07684503355995,0.0016868471391629151
2017-03-27,PET SUPPLIES,3581.0,2037.0,1.7322586922677738,3528.6109561494554,category_level,-52.38904385054457,-0.014629724616181113
2017-03-27,PLAYERS AND ELECTRONICS,4325.0,2236.0,1.8749182600507441,4192.317229473464,category_level,-132.68277052653593,-0.030678097231569
2017-03-27,POULTRY,147416.9966,87192.5026,1.7357902329698607,151347.8944012792,category_level,3930.8978012791777,0.026665160001497257
2017-03-27,PREPARED FOODS,45631.75908,25378.108060000002,1.8430942976670825,46774.24625096503,category_level,1142.4871709650251,0.025037105603622614
2017-03-27,PRODUCE,911090.1811,518763.642,1.7836736155071242,925305.0209197834,category_level,14214.839819783345,0.01560201186958368
2017-03-27,SCHOOL AND OFFICE SUPPLIES,6365.0,1998.0,1.8319417822682824,3660.219680972028,category_level,-2704.780319027972,-0.4249458474513703
2017-03-27,SEAFOOD,9492.388005,6406.739,1.5097721180857726,9672.715910052724,category_level,180.3279050527235,0.018997106413869508
2017-04-03,AUTOMOTIVE,3064.0,1330.0,2.3097340641494113,3071.946305318717,category_level,7.946305318716895,0.002593441683654339
2017-04-03,BABY CARE,66.0,29.0,2.7843336724313326,80.74567650050865,category_level,14.745676500508651,0.22341934091679774
2017-04-03,BEAUTY,1706.0,873.0,1.964977908689249,1715.4257142857143,category_level,9.42571428571432,0.005525037682130317
2017-04-03,BEVERAGES,1370345.0,698146.0,1.9544707649760995,1364505.946685004,category_level,-5839.053314995952,-0.004261009683689839
2017-04-03,BOOKS,72.0,41.0,1.6005528680027643,65.62266758811333,category_level,-6.37733241188667,-0.08857406127620375
2017-04-03,BREAD/BAKERY,203268.7785,104087.4362,1.998859798703634,208056.19177030935,category_level,4787.413270309364,0.02355213282451719
2017-04-03,CELEBRATION,5154.0,2524.0,2.1235664881036094,5359.88181597351,category_level,205.88181597351013,0.03994602560603611
2017-04-03,CLEANING,474194.0,226753.0,2.160055926029575,489799.1613949842,category_level,15605.161394984229,0.03290881241640389
2017-04-03,DAIRY,357691.0,188108.0,1.9121646467618958,359693.4673730867,category_level,2002.4673730867216,0.005598316348710819
2017-04-03,DELI,122822.8545,58972.8337,2.1488492897387452,126723.73181012615,category_level,3900.8773101261468,0.03176019093519884
2017-04-03,EGGS,73359.0,35011.0,2.1220284663136915,74294.33863410866,category_level,935.3386341086589,0.012750155183531113
2017-04-03,FROZEN FOODS,47645.55711,24078.6,1.988447322739547,47879.027705316454,category_level,233.4705953164521,0.004900154588966922
2017-04-03,GROCERY I,1869148.298,899141.6799999999,2.085151890718367,1874846.9740756885,category_level,5698.676075688563,0.0030488089584899077
2017-04-03,GROCERY II,8076.0,4310.0,1.8644683666958146,8035.858660458961,category_level,-40.14133954103909,-0.004970448184873587
2017-04-03,HARDWARE,585.0,268.0,2.2259140474663246,596.544964720975,category_level,11.544964720975031,0.019734982429017146
2017-04-03,HOME AND KITCHEN I,10919.0,5343.0,2.197046924277659,11738.821716415532,category_level,819.8217164155321,0.07508212440841947
2017-04-03,HOME AND KITCHEN II,10062.0,4906.0,1.972988890810063,9679.48349831417,category_level,-382.51650168583,-0.03801595127070463
2017-04-03,HOME APPLIANCES,260.0,143.0,1.8807537012113056,268.9477792732167,category_level,8.947779273216725,0.034414535666218174
2017-04-03,HOME CARE,118390.0,56964.0,2.0762181732311964,118269.69201994187,category_level,-120.30798005813267,-0.0010162005241839064
2017-04-03,LADIESWEAR,4462.0,2460.0,1.8303848212840657,4502.746660358802,category_level,40.74666035880182,0.009131927467234832
2017-04-03,LAWN AND GARDEN,5232.0,2734.0,2.0002537922417662,5468.693867988989,category_level,236.69386798898904,0.04523965366762023
2017-04-03,LINGERIE,2648.0,1202.0,2.2340314952445297,2685.3058572839245,category_level,37.305857283924524,0.014088314684261527
2017-04-03,"LIQUOR,WINE,BEER",33057.0,15192.0,2.188090607257225,33241.47250545176,category_level,184.47250545176212,0.005580436986168198
2017-04-03,MAGAZINES,2246.0,1298.0,1.825972405186161,2370.1121819316368,category_level,124.11218193163677,0.05525920833999856
2017-04-03,MEATS,134311.61961,69305.4611,1.9545183747007162,135458.79718705572,category_level,1147.1775770557288,0.008541164051083464
2017-04-03,PERSONAL CARE,135257.0,63916.0,2.122711634769719,135675.23684794136,category_level,418.23684794135625,0.003092164161125533
2017-04-03,PET SUPPLIES,3220.0,1863.0,1.7322586922677738,3227.1979436948627,category_level,7.197943694862715,0.002235386240640595
2017-04-03,PLAYERS AND ELECTRONICS,4549.0,2417.0,1.8749182600507441,4531.677434542648,category_level,-17.32256545735163,-0.003807994165168527
2017-04-03,POULTRY,139615.91365,81771.6797,1.7357902329698607,141938.48295679982,category_level,2322.569306799822,0.01663541960282707
2017-04-03,PREPARED FOODS,36716.52799,20388.59296,1.8430942976670825,37578.09942203123,category_level,861.5714320312254,0.023465493040787523
2017-04-03,PRODUCE,863553.3013,491667.896,1.7836736155071242,876975.0536871008,category_level,13421.752387100714,0.015542471283353907
2017-04-03,SCHOOL AND OFFICE SUPPLIES,5978.0,2211.0,1.8319417822682824,4050.4232805951724,category_level,-1927.5767194048276,-0.3224450852132532
2017-04-03,SEAFOOD,8616.624008,5784.075014,1.5097721180857726,8732.635185053774,category_level,116.01117705377328,0.013463646196708142
2017-04-10,AUTOMOTIVE,2997.0,1302.0,2.3097340641494113,3007.2737515225335,category_level,10.27375152253353,0.003428011852697207
2017-04-10,BABY CARE,72.0,24.0,2.7843336724313326,66.82400813835199,category_level,-5.175991861648015,-0.07188877585622243
2017-04-10,BEAUTY,1638.0,820.0,1.964977908689249,1611.281885125184,category_level,-26.71811487481591,-0.016311425442500554
2017-04-10,BEVERAGES,1312699.0,669547.0,1.9544707649760995,1308610.0372774524,category_level,-4088.962722547585,-0.0031149278871604115
2017-04-10,BOOKS,70.0,40.0,1.6005528680027643,64.02211472011058,category_level,-5.977885279889421,-0.08539836114127744
2017-04-10,BREAD/BAKERY,187360.5508,94597.5133,1.998859798703634,189087.16639270235,category_level,1726.61559270235,0.009215470307543258
2017-04-10,CELEBRATION,4963.0,2405.0,2.1235664881036094,5107.177403889181,category_level,144.17740388918082,0.029050454138460774
2017-04-10,CLEANING,409955.0,189655.0,2.160055926029575,409665.4066511391,category_level,-289.5933488609153,-0.0007064027731358693
2017-04-10,DAIRY,345631.0,182372.0,1.9121646467618958,348725.2909592605,category_level,3094.2909592604847,0.008952585153705787
2017-04-10,DELI,106758.6447,50340.795699999995,2.1488492897387452,108174.78308482828,category_level,1416.1383848282712,0.013264859148481408
2017-04-10,EGGS,73713.0,33850.0,2.1220284663136915,71830.66358471845,category_level,-1882.3364152815484,-0.02553601692078125
2017-04-10,FROZEN FOODS,47138.27617,22703.72004,1.988447322739547,45145.1513297662,category_level,-1993.124840233795,-0.042282514384823236
2017-04-10,GROCERY I,1725270.206,811838.01,2.085151890718367,1692805.5615085363,category_level,-32464.644491463667,-0.018817136225132067
2017-04-10,GROCERY II,7530.0,4007.0,1.8644683666958146,7470.924745350129,category_level,-59.07525464987066,-0.007845319342612305
2017-04-10,HARDWARE,567.0,243.0,2.2259140474663246,540.8971135343169,category_level,-26.102886465683127,-0.046036836800146606
2017-04-10,HOME AND KITCHEN I,10472.0,4572.0,2.197046924277659,10044.898537797457,category_level,-427.1014622025432,-0.04078508997350489
2017-04-10,HOME AND KITCHEN II,10052.0,5170.0,1.972988890810063,10200.352565488025,category_level,148.352565488025,0.014758512284920911
2017-04-10,HOME APPLIANCES,263.0,141.0,1.8807537012113056,265.1862718707941,category_level,2.186271870794087,0.00831282080149843
2017-04-10,HOME CARE,102649.0,48994.0,2.0762181732311964,101722.23317928924,category_level,-926.7668207107636,-0.009028503158440546
2017-04-10,LADIESWEAR,4171.0,2303.0,1.8303848212840657,4215.376243417203,category_level,44.37624341720311,0.010639233617166894
2017-04-10,LAWN AND GARDEN,5267.0,2788.0,2.0002537922417662,5576.707572770044,category_level,309.70757277004395,0.05880151372129181
2017-04-10,LINGERIE,2543.0,1196.0,2.2340314952445297,2671.9016683124573,category_level,128.90166831245733,0.050688819627391794
2017-04-10,"LIQUOR,WINE,BEER",40187.0,17495.0,2.188090607257225,38280.645173965146,category_level,-1906.3548260348543,-0.047437102198095264
2017-04-10,MAGAZINES,3145.0,1698.0,1.825972405186161,3100.501144006101,category_level,-44.498855993898815,-0.014149079807281022
2017-04-10,MEATS,109615.98392,56188.1277,1.9545183747007162,109820.7280296803,category_level,204.74410968029406,0.0018678307885255177
2017-04-10,PERSONAL CARE,114251.0,54078.0,2.122711634769719,114791.99978507686,category_level,540.9997850768559,0.0047351864323013
2017-04-10,PET SUPPLIES,3228.0,1822.0,1.7322586922677738,3156.175337311884,category_level,-71.82466268811595,-0.022250515083059464
2017-04-10,PLAYERS AND ELECTRONICS,4572.0,2522.0,1.8749182600507441,4728.543851847977,category_level,156.54385184797684,0.034239687630791084
2017-04-10,POULTRY,116784.76837,66687.10336,1.7357902329698607,115754.82267733957,category_level,-1029.9456926604325,-0.008819178280144689
2017-04-10,PREPARED FOODS,40708.16885,23665.43403,1.8430942976670825,43617.62651250952,category_level,2909.4576625095215,0.0714711013710832
2017-04-10,PRODUCE,825654.624,463720.593,1.7836736155071242,827126.1867014177,category_level,1471.5627014177153,0.0017822981409448455
2017-04-10,SCHOOL AND OFFICE SUPPLIES,5590.0,1975.0,1.8319417822682824,3618.085019979858,category_level,-1971.9149800201421,-0.35275759928803974
2017-04-10,SEAFOOD,8992.715017,5891.82801,1.5097721180857726,8895.317654054783,category_level,-97.39736294521754,-0.010830696042418302
2017-04-17,AUTOMOTIVE,2945.0,1282.0,2.3097340641494113,2961.079070239545,category_level,16.079070239545217,0.0054597861594381045
2017-04-17,BABY CARE,55.0,25.0,2.7843336724313326,69.60834181078332,category_level,14.608341810783315,0.2656062147415148
2017-04-17,BEAUTY,1623.0,836.0,1.964977908689249,1642.721531664212,category_level,19.72153166421208,0.012151282602718472
2017-04-17,BEVERAGES,1319957.0,684106.0,1.9544707649760995,1337065.1771447395,category_level,17108.177144739544,0.012961162480853198
2017-04-17,BOOKS,51.0,39.0,1.6005528680027643,62.42156185210781,category_level,11.421561852107807,0.22395219317858445
2017-04-17,BREAD/BAKERY,203256.901,103493.669,1.998859798703634,206869.33438444053,category_level,3612.433384440519,0.017772746542271244
2017-04-17,CELEBRATION,5207.0,2540.0,2.1235664881036094,5393.858879783168,category_level,186.85887978316805,0.03588609175785828
2017-04-17,CLEANING,450236.0,208822.0,2.160055926029575,451067.1985853479,category_level,831.1985853479127,0.0018461397696939222
2017-04-17,DAIRY,354102.0,187179.0,1.9121646467618958,357917.0664162449,category_level,3815.0664162448957,0.010773919425038253
2017-04-17,DELI,118025.97931,54476.953,2.1488492897387452,117062.76176118101,category_level,-963.2175488189823,-0.008161063813663029
2017-04-17,EGGS,74790.0,34715.0,2.1220284663136915,73666.2182080798,category_level,-1123.7817919202062,-0.015025829548338095
2017-04-17,FROZEN FOODS,50773.37609,25111.08111,1.988447322739547,49932.06200427511,category_level,-841.3140857248873,-0.016569985108604728
2017-04-17,GROCERY I,1691092.934,817129.4450000001,2.085151890718367,1703839.0072034,category_level,12746.07320340001,0.007537180806054986
2017-04-17,GROCERY II,8749.0,4848.0,1.8644683666958146,9038.942641741309,category_level,289.94264174130876,0.033140089352075526
2017-04-17,HARDWARE,536.0,240.0,2.2259140474663246,534.2193713919179,category_level,-1.780628608082111,-0.003322068298660655
2017-04-17,HOME AND KITCHEN I,10558.0,4357.0,2.197046924277659,9572.53344907776,category_level,-985.4665509222395,-0.09333837383237731
2017-04-17,HOME AND KITCHEN II,10543.0,5040.0,1.972988890810063,9943.864009682718,category_level,-599.1359903172815,-0.05682784694273751
2017-04-17,HOME APPLIANCES,242.0,127.0,1.8807537012113056,238.8557200538358,category_level,-3.144279946164204,-0.012992892339521504
2017-04-17,HOME CARE,109780.0,51588.0,2.0762181732311964,107107.94312065096,category_level,-2672.0568793490384,-0.024340106388677705
2017-04-17,LADIESWEAR,4628.0,2396.0,1.8303848212840657,4385.602031796621,category_level,-242.3979682033787,-0.05237639762389341
2017-04-17,LAWN AND GARDEN,5846.0,3043.0,2.0002537922417662,6086.772289791695,category_level,240.77228979169467,0.041185817617464024
2017-04-17,LINGERIE,3016.0,1315.0,2.2340314952445297,2937.7514162465563,category_level,-78.24858375344365,-0.025944490634430918
2017-04-17,"LIQUOR,WINE,BEER",33788.0,15601.0,2.188090607257225,34136.40156381996,category_level,348.4015638199635,0.010311399426422502
2017-04-17,MAGAZINES,2748.0,1517.0,1.825972405186161,2770.000138667406,category_level,22.00013866740619,0.00800587287751317
2017-04-17,MEATS,140018.75979,71137.51784,1.9545183747007162,139039.58574888,category_level,-979.1740411200153,-0.006993163220332615
2017-04-17,PERSONAL CARE,115639.0,53061.0,2.122711634769719,112633.20205251605,category_level,-3005.797947483952,-0.025992943102966577
2017-04-17,PET SUPPLIES,3147.0,1861.0,1.7322586922677738,3223.733426310327,category_level,76.7334263103271,0.02438303981897906
2017-04-17,PLAYERS AND ELECTRONICS,4522.0,2399.0,1.8749182600507441,4497.928905861735,category_level,-24.071094138264925,-0.005323107947427007
2017-04-17,POULTRY,148352.9944,87250.6716,1.7357902329698607,151448.8635833408,category_level,3095.8691833408084,0.020868262186831927
2017-04-17,PREPARED FOODS,34393.546949999996,18359.462059999998,1.8430942976670825,33838.219831021146,category_level,-555.3271189788502,-0.01614625905801932
2017-04-17,PRODUCE,892228.324,500501.847,1.7836736155071242,892731.9390064835,category_level,503.6150064835092,0.0005644463338999639
2017-04-17,SCHOOL AND OFFICE SUPPLIES,6808.0,2470.0,1.8319417822682824,4524.896202202657,category_level,-2283.103797797343,-0.33535602200313497
2017-04-17,SEAFOOD,7809.619032,5128.84303,1.5097721180857726,7743.384204732552,category_level,-66.23482726744805,-0.008481185445288704
2017-04-24,AUTOMOTIVE,2844.0,1196.0,2.3097340641494113,2762.441940722696,category_level,-81.55805927730398,-0.028677236032807307
2017-04-24,BABY CARE,66.0,32.0,2.7843336724313326,89.09867751780264,category_level,23.098677517802642,0.34997996239094914
2017-04-24,BEAUTY,1664.0,801.0,1.964977908689249,1573.9473048600885,category_level,-90.05269513991152,-0.05411820621388914
2017-04-24,BEVERAGES,1325665.0,661818.0,1.9544707649760995,1293503.9327349523,category_level,-32161.06726504769,-0.024260327658230166
2017-04-24,BOOKS,44.0,32.0,1.6005528680027643,51.21769177608846,category_level,7.217691776088458,0.16403844945655585
2017-04-24,BREAD/BAKERY,200220.4591,97325.0,1.998859798703634,194539.02990883117,category_level,-5681.429191168834,-0.0283758673649392
2017-04-24,CELEBRATION,5647.0,2763.0,2.1235664881036094,5867.414206630273,category_level,220.41420663027293,0.03903208900837134
2017-04-24,CLEANING,478430.0,214337.0,2.160055926029575,462979.907017401,category_level,-15450.092982598988,-0.032293319780530044
2017-04-24,DAIRY,349599.0,178066.0,1.9121646467618958,340491.5099903037,category_level,-9107.490009696281,-0.026051247313911886
2017-04-24,DELI,118600.1559,53561.7347,2.1488492897387452,115096.09556727011,category_level,-3504.0603327298886,-0.02954515789746857
2017-04-24,EGGS,73108.0,34238.0,2.1220284663136915,72654.01062964817,category_level,-453.9893703518319,-0.006209845302180772
2017-04-24,FROZEN FOODS,52169.87116,24719.01006,1.988447322739547,49152.44937457893,category_level,-3017.421785421073,-0.057838398261842144
2017-04-24,GROCERY I,1672835.97,776413.5819999999,2.085151890718367,1618940.2484867196,category_level,-53895.72151328041,-0.032218174692453805
2017-04-24,GROCERY II,9093.0,4973.0,1.8644683666958146,9272.001187578286,category_level,179.00118757828568,0.01968560294493409
2017-04-24,HARDWARE,541.0,221.0,2.2259140474663246,491.92700449005775,category_level,-49.072995509942245,-0.09070793994444037
2017-04-24,HOME AND KITCHEN I,11909.0,4721.0,2.197046924277659,10372.25852951483,category_level,-1536.7414704851708,-0.12904034515787816
2017-04-24,HOME AND KITCHEN II,10962.0,5323.0,1.972988890810063,10502.219865781966,category_level,-459.7801342180337,-0.04194308832494378
2017-04-24,HOME APPLIANCES,258.0,135.0,1.8807537012113056,253.90174966352626,category_level,-4.09825033647374,-0.015884691226642402
2017-04-24,HOME CARE,111521.0,51140.0,2.0762181732311964,106177.79737904339,category_level,-5343.20262095661,-0.047912075940465114
2017-04-24,LADIESWEAR,3998.0,2065.0,1.8303848212840657,3779.7446559515956,category_level,-218.25534404840437,-0.054591131577890036
2017-04-24,LAWN AND GARDEN,6077.0,2946.0,2.0002537922417662,5892.747671944243,category_level,-184.25232805575706,-0.03031961955829473
2017-04-24,LINGERIE,3434.0,1513.0,2.2340314952445297,3380.0896523049732,category_level,-53.91034769502676,-0.015698994669489447
2017-04-24,"LIQUOR,WINE,BEER",40618.0,17948.0,2.188090607257225,39271.85021905267,category_level,-1346.1497809473294,-0.033141705178672744
2017-04-24,MAGAZINES,2592.0,1353.0,1.825972405186161,2470.540664216876,category_level,-121.45933578312406,-0.04685931164472379
2017-04-24,MEATS,135541.81777,67085.19907,1.9545183747007162,131119.2542527704,category_level,-4422.563517229602,-0.03262877531076218
2017-04-24,PERSONAL CARE,116940.0,52493.0,2.122711634769719,111427.50184396685,category_level,-5512.498156033151,-0.04713954297958911
2017-04-24,PET SUPPLIES,3502.0,2033.0,1.7322586922677738,3521.681921380384,category_level,19.68192138038421,0.00562019456892753
2017-04-24,PLAYERS AND ELECTRONICS,4341.0,2120.0,1.8749182600507441,3974.8267113075776,category_level,-366.1732886924224,-0.08435228949376235
2017-04-24,POULTRY,142463.50828,81360.9789,1.7357902329698607,141225.59251948693,category_level,-1237.915760513075,-0.008689353333065867
2017-04-24,PREPARED FOODS,33036.74104,17375.771090000002,1.8430942976670825,32025.18461354755,category_level,-1011.556426452451,-0.03061913477566342
2017-04-24,PRODUCE,854425.8581,463704.81570000004,1.7836736155071242,827098.0451476838,category_level,-27327.812952316133,-0.03198383182489984
2017-04-24,SCHOOL AND OFFICE SUPPLIES,7741.0,2250.0,1.8319417822682824,4121.869010103635,category_level,-3619.1309898963646,-0.4675275791107563
2017-04-24,SEAFOOD,7414.232979,4778.49498,1.5097721180857726,7214.438487216832,category_level,-199.79449178316827,-0.026947425627042502
2017-05-01,AUTOMOTIVE,3103.0,1341.0,2.3097340641494113,3097.3533800243604,category_level,-5.646619975639624,-0.0018197292863808003
2017-05-01,BABY CARE,61.0,15.0,2.7843336724313326,41.76500508646999,category_level,-19.23499491353001,-0.31532778546770507
2017-05-01,BEAUTY,2189.0,1131.0,1.964977908689249,2222.3900147275403,category_level,33.39001472754035,0.015253547157396229
2017-05-01,BEVERAGES,1524916.0,787464.0,1.9544707649760995,1539075.3664711392,category_level,14159.366471139248,0.009285341927777824
2017-05-01,BOOKS,42.0,29.0,1.6005528680027643,46.41603317208016,category_level,4.416033172080162,0.10514364695428957
2017-05-01,BREAD/BAKERY,236730.9583,117118.665,1.998859798703634,234103.79114633834,category_level,-2627.167153661663,-0.011097691542026184
2017-05-01,CELEBRATION,5202.0,2570.0,2.1235664881036094,5457.565874426276,category_level,255.56587442627642,0.049128388009664826
2017-05-01,CLEANING,579485.0,264262.0,2.160055926029575,570820.6991244275,category_level,-8664.300875572488,-0.014951725886903867
2017-05-01,DAIRY,421751.0,219670.0,1.9121646467618958,420045.20795418567,category_level,-1705.7920458143344,-0.004044547720845557
2017-05-01,DELI,140256.84496,64808.7138,2.1488492897387452,139264.1586180116,category_level,-992.6863419883884,-0.007077632056185877
2017-05-01,EGGS,85311.0,40210.0,2.1220284663136915,85326.76463047354,category_level,15.764630473539,0.0001847901264026796
2017-05-01,FROZEN FOODS,58411.62489,29742.91104,1.988447322739547,59142.21182796851,category_level,730.58693796851,0.012507560598499728
2017-05-01,GROCERY I,2093464.418,989544.061,2.085151890718367,2063349.6697432809,category_level,-30114.748256719206,-0.014385125439814952
2017-05-01,GROCERY II,11337.0,6154.0,1.8644683666958146,11473.938328646043,category_level,136.93832864604337,0.012078885829235546
2017-05-01,HARDWARE,668.0,271.0,2.2259140474663246,603.222706863374,category_level,-64.77729313662599,-0.09697199571351195
2017-05-01,HOME AND KITCHEN I,13030.0,5481.0,2.197046924277659,12042.014191965849,category_level,-987.985808034151,-0.07582393001029555
2017-05-01,HOME AND KITCHEN II,13365.0,6825.0,1.972988890810063,13465.64917977868,category_level,100.64917977868026,0.007530802826687636
2017-05-01,HOME APPLIANCES,305.0,141.0,1.8807537012113056,265.1862718707941,category_level,-39.81372812920591,-0.13053681353838004
2017-05-01,HOME CARE,134025.0,63820.0,2.0762181732311964,132504.24381561496,category_level,-1520.7561843850417,-0.011346809807013927
2017-05-01,LADIESWEAR,5544.0,2966.0,1.8303848212840657,5428.921379928539,category_level,-115.07862007146105,-0.02075732685271664
2017-05-01,LAWN AND GARDEN,6392.0,3235.0,2.0002537922417662,6470.821017902113,category_level,78.82101790211345,0.012331198044761179
2017-05-01,LINGERIE,3746.0,1716.0,2.2340314952445297,3833.598045839613,category_level,87.59804583961295,0.02338442227432273
2017-05-01,"LIQUOR,WINE,BEER",34072.0,15052.0,2.188090607257225,32935.13982043575,category_level,-1136.8601795642535,-0.033366405833653835
2017-05-01,MAGAZINES,2863.0,1595.0,1.825972405186161,2912.425986271927,category_level,49.42598627192683,0.017263704600742866
2017-05-01,MEATS,153645.44603,77674.29745,1.9545183747007162,151815.841607994,category_level,-1829.6044220059994,-0.011907963882305764
2017-05-01,PERSONAL CARE,147506.0,68060.0,2.122711634769719,144471.75386242705,category_level,-3034.246137572947,-0.02057032349580998
2017-05-01,PET SUPPLIES,3807.0,2277.0,1.7322586922677738,3944.353042293721,category_level,137.35304229372105,0.036079075989945114
2017-05-01,PLAYERS AND ELECTRONICS,5227.0,2741.0,1.8749182600507441,5139.1509507990895,category_level,-87.84904920091049,-0.01680678194010149
2017-05-01,POULTRY,167803.4027,97084.6343,1.7357902329698607,168518.55998939075,category_level,715.1572893907432,0.004261875968446874
2017-05-01,PREPARED FOODS,37064.75506,19524.40502,1.8430942976670825,35985.319557704555,category_level,-1079.4355022954478,-0.02912296332588924
2017-05-01,PRODUCE,996419.9478,555532.312,1.7836736155071242,990888.3274760718,category_level,-5531.6203239281895,-0.0055514949656934095
2017-05-01,SCHOOL AND OFFICE SUPPLIES,4924.0,1497.0,1.8319417822682824,2742.4168480556186,category_level,-2181.5831519443814,-0.4430510056751384
2017-05-01,SEAFOOD,9847.813007,6641.544,1.5097721180857726,10027.217952239855,category_level,179.404945239854,0.01821774490562826
2017-05-08,AUTOMOTIVE,2316.0,924.0,2.3097340641494113,2134.194275274056,category_level,-181.80572472594395,-0.07849988114246284
2017-05-08,BABY CARE,69.0,19.0,2.7843336724313326,52.90233977619532,category_level,-16.09766022380468,-0.23329942353340116
2017-05-08,BEAUTY,1888.0,985.0,1.964977908689249,1935.5032400589103,category_level,47.50324005891025,0.025160614437982124
2017-05-08,BEVERAGES,1199891.0,613515.0,1.9544707649760995,1199097.1313743116,category_level,-793.8686256883666,-0.0006616172849770243
2017-05-08,BOOKS,50.0,35.0,1.6005528680027643,56.01935038009675,category_level,6.019350380096753,0.12038700760193506
2017-05-08,BREAD/BAKERY,200756.6067,100175.048,1.998859798703634,200235.87628040687,category_level,-520.7304195931356,-0.002593839516182336
2017-05-08,CELEBRATION,5326.0,2368.0,2.1235664881036094,5028.605443829347,category_level,-297.39455617065323,-0.055838256885214654
2017-05-08,CLEANING,464672.0,209976.0,2.160055926029575,453559.90312398603,category_level,-11112.096876013966,-0.023913850793708176
2017-05-08,DAIRY,349826.0,181785.0,1.9121646467618958,347602.85031161126,category_level,-2223.149688388745,-0.00635501560315341
2017-05-08,DELI,112603.0065,51641.6004,2.1488492897387452,110970.01634051211,category_level,-1632.9901594878902,-0.01450218968609768
2017-05-08,EGGS,72154.0,33299.0,2.1220284663136915,70661.42589977961,category_level,-1492.5741002203868,-0.020685950885888333
2017-05-08,FROZEN FOODS,57744.99065,28816.18975,1.988447322739547,57299.47535994228,category_level,-445.5152900577232,-0.00771521971071136
2017-05-08,GROCERY I,1693413.153,804243.968,2.085151890718367,1676970.8304740416,category_level,-16442.322525958298,-0.009709575301709197
2017-05-08,GROCERY II,12244.0,6169.0,1.8644683666958146,11501.90535414648,category_level,-742.09464585352,-0.060608840726357395
2017-05-08,HARDWARE,578.0,270.0,2.2259140474663246,600.9967928159076,category_level,22.99679281590761,0.03978683878184708
2017-05-08,HOME AND KITCHEN I,11473.0,5451.0,2.197046924277659,11976.10278423752,category_level,503.1027842375206,0.04385102276976559
2017-05-08,HOME AND KITCHEN II,10880.0,5510.0,1.972988890810063,10871.168788363448,category_level,-8.831211636552325,-0.0008116922460066475
2017-05-08,HOME APPLIANCES,240.0,123.0,1.8807537012113056,231.33270524899058,category_level,-8.667294751009422,-0.03611372812920592
2017-05-08,HOME CARE,98513.0,46974.0,2.0762181732311964,97528.27246936221,category_level,-984.7275306377851,-0.009995914555822938
2017-05-08,LADIESWEAR,4374.0,2368.0,1.8303848212840657,4334.351256800667,category_level,-39.648743199332785,-0.009064641792257152
2017-05-08,LAWN AND GARDEN,14482.0,6199.0,2.0002537922417662,12399.57325810671,category_level,-2082.4267418932905,-0.14379414044284564
2017-05-08,LINGERIE,2998.0,1426.0,2.2340314952445297,3185.7289122186994,category_level,187.7289122186994,0.0626180494391926
2017-05-08,"LIQUOR,WINE,BEER",37411.0,17490.0,2.188090607257225,38269.704720928865,category_level,858.7047209288648,0.02295326831490377
2017-05-08,MAGAZINES,2623.0,1478.0,1.825972405186161,2698.787214865146,category_level,75.78721486514587,0.028893333917325913
2017-05-08,MEATS,132919.3742,67814.3036,1.9545183747007162,132544.30245373293,category_level,-375.0717462670582,-0.0028217989177612168
2017-05-08,PERSONAL CARE,99402.0,46272.0,2.122711634769719,98222.11276406443,category_level,-1179.8872359355737,-0.01186985408679477
2017-05-08,PET SUPPLIES,3228.0,1823.0,1.7322586922677738,3157.907596004152,category_level,-70.09240399584814,-0.02171387980044862
2017-05-08,PLAYERS AND ELECTRONICS,4130.0,2139.0,1.8749182600507441,4010.450158248542,category_level,-119.54984175145819,-0.028946692918028618
2017-05-08,POULTRY,141142.10018,80640.08386,1.7357902329698607,139974.2699500585,category_level,-1167.8302299415227,-0.008274145194468386
2017-05-08,PREPARED FOODS,32764.17494,17009.21499,1.8430942976670825,31349.587155862464,category_level,-1414.5877841375368,-0.04317483308302519
2017-05-08,PRODUCE,892125.5970000001,488612.19,1.7836736155071242,871524.671518154,category_level,-20600.92548184609,-0.023091956503794933
2017-05-08,SCHOOL AND OFFICE SUPPLIES,2128.0,761.0,1.8319417822682824,1394.107696306163,category_level,-733.892303693837,-0.34487420286364523
2017-05-08,SEAFOOD,8494.227985,5560.74199,1.5097721180857726,8395.453212370794,category_level,-98.77477262920547,-0.011628457913259727
2017-05-15,AUTOMOTIVE,2760.0,1138.0,2.3097340641494113,2628.47736500203,category_level,-131.52263499796982,-0.047653128622452835
2017-05-15,BABY CARE,70.0,22.0,2.7843336724313326,61.25534079348932,category_level,-8.744659206510683,-0.12492370295015261
2017-05-15,BEAUTY,2684.0,1278.0,1.964977908689249,2511.2417673048603,category_level,-172.75823269513967,-0.06436595853023087
2017-05-15,BEVERAGES,1317735.0,673244.0,1.9544707649760995,1315835.715695569,category_level,-1899.2843044309411,-0.0014413249283284889
2017-05-15,BOOKS,31.0,20.0,1.6005528680027643,32.01105736005529,category_level,1.0110573600552897,0.032614753550170635
2017-05-15,BREAD/BAKERY,217774.898,108193.415,1.998859798703634,216263.46772795872,category_level,-1511.430272041267,-0.006940332820366042
2017-05-15,CELEBRATION,4989.0,2449.0,2.1235664881036094,5200.61432936574,category_level,211.61432936573965,0.04241618147238718
2017-05-15,CLEANING,542678.0,237752.0,2.160055926029575,513557.61652538355,category_level,-29120.38347461645,-0.053660519635246776
2017-05-15,DAIRY,362230.0,187786.0,1.9121646467618958,359077.7503568294,category_level,-3152.249643170624,-0.008702342829612743
2017-05-15,DELI,122214.088,56370.5631,2.1488492897387452,121131.84447960812,category_level,-1082.2435203918867,-0.00885530905726586
2017-05-15,EGGS,77302.0,36297.0,2.1220284663136915,77023.26724178805,category_level,-278.73275821194693,-0.003605763863961436
2017-05-15,FROZEN FOODS,51534.91479,26049.02106,1.988447322739547,51797.106186743076,category_level,262.1913967430737,0.005087645876809525
2017-05-15,GROCERY I,1812468.625,857498.195,2.085151890718367,1788013.9825918367,category_level,-24454.642408163287,-0.013492450060018714
2017-05-15,GROCERY II,10616.0,5568.0,1.8644683666958146,10381.359865762295,category_level,-234.64013423770484,-0.02210249945720656
2017-05-15,HARDWARE,618.0,246.0,2.2259140474663246,547.5748556767159,category_level,-70.42514432328414,-0.11395654421243388
2017-05-15,HOME AND KITCHEN I,11162.0,4838.0,2.197046924277659,10629.313019655316,category_level,-532.6869803446843,-0.047723255719824796
2017-05-15,HOME AND KITCHEN II,13115.0,7038.0,1.972988890810063,13885.895813521223,category_level,770.8958135212233,0.05877970366154962
2017-05-15,HOME APPLIANCES,300.0,150.0,1.8807537012113056,282.1130551816958,category_level,-17.886944818304187,-0.05962314939434729
2017-05-15,HOME CARE,116255.0,56651.0,2.0762181732311964,117619.83573172051,category_level,1364.8357317205082,0.011740017476413988
2017-05-15,LADIESWEAR,5413.0,2900.0,1.8303848212840657,5308.11598172379,category_level,-104.88401827620964,-0.01937631965198774
2017-05-15,LAWN AND GARDEN,5211.0,2651.0,2.0002537922417662,5302.672803232922,category_level,91.67280323292198,0.017592171029154093
2017-05-15,LINGERIE,2852.0,1335.0,2.2340314952445297,2982.432046151447,category_level,130.43204615144714,0.04573353651874023
2017-05-15,"LIQUOR,WINE,BEER",29793.0,13767.0,2.188090607257225,30123.443390110213,category_level,330.44339011021293,0.011091309707320945
2017-05-15,MAGAZINES,2452.0,1305.0,1.825972405186161,2382.8939887679403,category_level,-69.1060112320597,-0.028183528234934623
2017-05-15,MEATS,142636.66804,72293.45184,1.9545183747007162,141298.8799918213,category_level,-1337.7880481786851,-0.009378991156772714
2017-05-15,PERSONAL CARE,117718.0,55520.0,2.122711634769719,117852.94996241479,category_level,134.94996241478657,0.0011463834113286547
2017-05-15,PET SUPPLIES,3640.0,2054.0,1.7322586922677738,3558.0593539180077,category_level,-81.94064608199233,-0.022511166506041846
2017-05-15,PLAYERS AND ELECTRONICS,4654.0,2534.0,1.8749182600507441,4751.042870968586,category_level,97.0428709685857,0.020851497844560744
2017-05-15,POULTRY,149153.8351,84442.4202,1.7357902329698607,146574.32823149685,category_level,-2579.506868503144,-0.01729427115818857
2017-05-15,PREPARED FOODS,35095.95313,18723.31591,1.8430942976670825,34508.83678714037,category_level,-587.1163428596337,-0.01672889009980376
2017-05-15,PRODUCE,936077.7846,516619.8778,1.7836736155071242,921481.2452783748,category_level,-14596.539321625256,-0.015593297439338948
2017-05-15,SCHOOL AND OFFICE SUPPLIES,1367.0,517.0,1.8319417822682824,947.113901432702,category_level,-419.88609856729795,-0.3071588138751265
2017-05-15,SEAFOOD,9514.00091,6221.38291,1.5097721180857726,9392.870453453328,category_level,-121.13045654667258,-0.012731810485676374
2017-05-22,AUTOMOTIVE,2702.0,1113.0,2.3097340641494113,2570.734013398295,category_level,-131.2659866017052,-0.048581046114620725
2017-05-22,BABY CARE,61.0,19.0,2.7843336724313326,52.90233977619532,category_level,-8.09766022380468,-0.13274852825909314
2017-05-22,BEAUTY,2332.0,1069.0,1.964977908689249,2100.5613843888073,category_level,-231.43861561119274,-0.09924468937015127
2017-05-22,BEVERAGES,1290194.0,651751.0,1.9544707649760995,1273828.275543938,category_level,-16365.724456062075,-0.012684700483851324
2017-05-22,BOOKS,23.0,16.0,1.6005528680027643,25.60884588804423,category_level,2.608845888044229,0.11342808208887951
2017-05-22,BREAD/BAKERY,206795.6308,102496.4699,1.998859798703634,204876.07319214707,category_level,-1919.5576078529411,-0.009282389576738296
2017-05-22,CELEBRATION,5023.0,2293.0,2.1235664881036094,4869.337957221576,category_level,-153.6620427784237,-0.030591686796421203
2017-05-22,CLEANING,489953.0,215108.0,2.160055926029575,464645.31013636984,category_level,-25307.689863630163,-0.05165330116078514
2017-05-22,DAIRY,344357.0,177660.0,1.9121646467618958,339715.1711437184,category_level,-4641.828856281587,-0.013479699429027396
2017-05-22,DELI,117725.489,53885.6869,2.1488492897387452,115792.22002214941,category_level,-1933.2689778505883,-0.016421838586294497
2017-05-22,EGGS,73202.0,33198.0,2.1220284663136915,70447.10102468194,category_level,-2754.898975318065,-0.03763420364632203
2017-05-22,FROZEN FOODS,52457.00486,25359.07483,1.988447322739547,50425.18445286533,category_level,-2031.82040713467,-0.0387330617246886
2017-05-22,GROCERY I,1721804.744,803994.324,2.085151890718367,1676450.2848154353,category_level,-45354.45918456465,-0.026341232559970604
2017-05-22,GROCERY II,10691.0,5761.0,1.8644683666958146,10741.202260534588,category_level,50.20226053458828,0.0046957497460095666
2017-05-22,HARDWARE,592.0,248.0,2.2259140474663246,552.0266837716485,category_level,-39.97331622835145,-0.06752249362897204
2017-05-22,HOME AND KITCHEN I,11686.0,4839.0,2.197046924277659,10631.510066579593,category_level,-1054.4899334204074,-0.09023531862231794
2017-05-22,HOME AND KITCHEN II,13759.0,7813.0,1.972988890810063,15414.962203899022,category_level,1655.962203899022,0.12035483711745198
2017-05-22,HOME APPLIANCES,250.0,135.0,1.8807537012113056,253.90174966352626,category_level,3.9017496635262603,0.015606998654105041
2017-05-22,HOME CARE,110412.0,53317.0,2.0762181732311964,110697.7243421677,category_level,285.7243421676976,0.0025878015267153717
2017-05-22,LADIESWEAR,4754.0,2483.0,1.8303848212840657,4544.845511248335,category_level,-209.15448875166476,-0.043995475126559686
2017-05-22,LAWN AND GARDEN,6567.0,3111.0,2.0002537922417662,6222.789547664135,category_level,-344.21045233586483,-0.052415174712329045
2017-05-22,LINGERIE,2443.0,1054.0,2.2340314952445297,2354.6691959877344,category_level,-88.33080401226562,-0.03615669423342841
2017-05-22,"LIQUOR,WINE,BEER",38004.0,16975.0,2.188090607257225,37142.83805819139,category_level,-861.161941808612,-0.02265977112431881
2017-05-22,MAGAZINES,2465.0,1321.0,1.825972405186161,2412.1095472509187,category_level,-52.890452749081305,-0.021456573123359555
2017-05-22,MEATS,137106.74882,68651.65873,1.9545183747007162,134180.92844146784,category_level,-2925.8203785321675,-0.021339725460001374
2017-05-22,PERSONAL CARE,112220.0,51823.0,2.122711634769719,110005.28504867114,category_level,-2214.7149513288605,-0.019735474526188384
2017-05-22,PET SUPPLIES,3099.0,1700.0,1.7322586922677738,2944.8397768552154,category_level,-154.1602231447846,-0.0497451510631767
2017-05-22,PLAYERS AND ELECTRONICS,4582.0,2413.0,1.8749182600507441,4524.177761502446,category_level,-57.82223849755428,-0.012619432234298185
2017-05-22,POULTRY,145715.87382,81776.929,1.7357902329698607,141947.59464046976,category_level,-3768.2791795302473,-0.02586045762032165
2017-05-22,PREPARED FOODS,33982.08207,17515.49507,1.8430942976670825,32282.7090843329,category_level,-1699.372985667098,-0.05000791246888711
2017-05-22,PRODUCE,892416.583,484088.019,1.7836736155071242,863455.0270734114,category_level,-28961.555926588597,-0.0324529558037007
2017-05-22,SCHOOL AND OFFICE SUPPLIES,904.0,392.0,1.8319417822682824,718.1211786491667,category_level,-185.87882135083328,-0.20561816521109877
2017-05-22,SEAFOOD,8722.32402,5705.26304,1.5097721180857726,8613.647064137274,category_level,-108.67695586272566,-0.012459632961758014
2017-05-29,AUTOMOTIVE,2888.0,1202.0,2.3097340641494113,2776.3003451075924,category_level,-111.69965489240758,-0.038677165821470766
2017-05-29,BABY CARE,65.0,21.0,2.7843336724313326,58.47100712105799,category_level,-6.528992878942013,-0.10044604429141558
2017-05-29,BEAUTY,2368.0,1158.0,1.964977908689249,2275.44441826215,category_level,-92.55558173784993,-0.039085972017673117
2017-05-29,BEVERAGES,1493682.0,768484.0,1.9544707649760995,1501979.511351893,category_level,8297.511351892957,0.0055550721986962134
2017-05-29,BOOKS,14.0,8.0,1.6005528680027643,12.804422944022114,category_level,-1.1955770559778855,-0.08539836114127754
2017-05-29,BREAD/BAKERY,225467.3307,111164.0482,1.998859798703634,222201.34700813307,category_level,-3265.983691866917,-0.014485396539388387
2017-05-29,CELEBRATION,5302.0,2379.0,2.1235664881036094,5051.9646751984865,category_level,-250.03532480151353,-0.04715868064909723
2017-05-29,CLEANING,521432.0,237304.0,2.160055926029575,512589.9114705223,category_level,-8842.08852947771,-0.016957318556355787
2017-05-29,DAIRY,382523.0,199329.0,1.9121646467618958,381149.8668744019,category_level,-1373.1331255980767,-0.0035896746747204134
2017-05-29,DELI,136318.562,62226.2308,2.1488492897387452,133714.79185769922,category_level,-2603.770142300782,-0.019100628000321643
2017-05-29,EGGS,80706.0,38424.0,2.1220284663136915,81536.82178963728,category_level,830.8217896372807,0.010294424077977855
2017-05-29,FROZEN FOODS,54863.09872,28148.86074,1.988447322739547,55972.526776621344,category_level,1109.428056621342,0.02022175346462716
2017-05-29,GROCERY I,2024228.43,949857.468,2.085151890718367,1980597.0953131607,category_level,-43631.334686839255,-0.021554550879832893
2017-05-29,GROCERY II,11059.0,5968.0,1.8644683666958146,11127.147212440621,category_level,68.14721244062093,0.006162149601285915
2017-05-29,HARDWARE,559.0,264.0,2.2259140474663246,587.6413085311096,category_level,28.641308531109644,0.051236687891072705
2017-05-29,HOME AND KITCHEN I,12391.0,5311.0,2.197046924277659,11668.516214838648,category_level,-722.483785161352,-0.058307141083153255
2017-05-29,HOME AND KITCHEN II,14090.0,7655.0,1.972988890810063,15103.229959151033,category_level,1013.2299591510327,0.07191128169986039
2017-05-29,HOME APPLIANCES,242.0,124.0,1.8807537012113056,233.2134589502019,category_level,-8.786541049798103,-0.03630802086693431
2017-05-29,HOME CARE,119254.0,56828.0,2.0762181732311964,117987.32634838243,category_level,-1266.6736516175733,-0.010621644989833241
2017-05-29,LADIESWEAR,4635.0,2446.0,1.8303848212840657,4477.121272860824,category_level,-157.87872713917568,-0.03406229280241115
2017-05-29,LAWN AND GARDEN,6108.0,2817.0,2.0002537922417662,5634.714932745055,category_level,-473.2850672549448,-0.07748609483545266
2017-05-29,LINGERIE,2669.0,1085.0,2.2340314952445297,2423.9241723403147,category_level,-245.07582765968527,-0.09182309016848456
2017-05-29,"LIQUOR,WINE,BEER",33385.0,15866.0,2.188090607257225,34716.24557474313,category_level,1331.2455747431304,0.03987556012410155
2017-05-29,MAGAZINES,2016.0,1104.0,1.825972405186161,2015.8735353255217,category_level,-0.1264646744782567,-6.273049329278607e-05
2017-05-29,MEATS,153090.73474,77062.8287,1.9545183747007162,150620.7147005637,category_level,-2470.02003943632,-0.016134353549424475
2017-05-29,PERSONAL CARE,141447.0,67364.0,2.122711634769719,142994.34656462734,category_level,1547.3465646273398,0.010939408857221007
2017-05-29,PET SUPPLIES,3864.0,2219.0,1.7322586922677738,3843.88203814219,category_level,-20.11796185780986,-0.005206511867963214
2017-05-29,PLAYERS AND ELECTRONICS,4646.0,2531.0,1.8749182600507441,4745.4181161884335,category_level,99.41811618843349,0.02139864747921513
2017-05-29,POULTRY,170183.69636,98781.3188,1.7357902329698607,171463.64837292206,category_level,1279.9520129220618,0.007521002541950322
2017-05-29,PREPARED FOODS,36067.97834,18411.0502,1.8430942976670825,33933.3016376824,category_level,-2134.6767023176,-0.0591848171304408
2017-05-29,PRODUCE,960649.4299,531261.797,1.7836736155071242,947597.6502358019,category_level,-13051.779664198053,-0.013586412751586908
2017-05-29,SCHOOL AND OFFICE SUPPLIES,860.0,400.0,1.8319417822682824,732.7767129073129,category_level,-127.22328709268709,-0.14793405475893848
2017-05-29,SEAFOOD,8201.416971999999,5287.20999,1.5097721180857726,7982.482225366557,category_level,-218.93474663344205,-0.02669474645428893
2017-06-05,AUTOMOTIVE,2858.0,1161.0,2.3097340641494113,2681.6012484774665,category_level,-176.39875152253353,-0.061721046718871075
2017-06-05,BABY CARE,73.0,24.0,2.7843336724313326,66.82400813835199,category_level,-6.175991861648015,-0.08460262824175363
2017-06-05,BEAUTY,1839.0,896.0,1.964977908689249,1760.620206185567,category_level,-78.37979381443301,-0.04262087754999076
2017-06-05,BEVERAGES,1465103.0,747632.0,1.9544707649760995,1461224.8869606112,category_level,-3878.113039388787,-0.0026469900337305887
2017-06-05,BOOKS,14.0,7.0,1.6005528680027643,11.20387007601935,category_level,-2.7961299239806507,-0.1997235659986179
2017-06-05,BREAD/BAKERY,210318.8811,104871.8871,1.998859798703634,209624.19913837625,category_level,-694.6819616237481,-0.003302993806311896
2017-06-05,CELEBRATION,5296.0,2492.0,2.1235664881036094,5291.927688354194,category_level,-4.072311645805712,-0.0007689410207337069
2017-06-05,CLEANING,464738.0,220085.0,2.160055926029575,475395.908480219,category_level,10657.90848021902,0.02293315476724309
2017-06-05,DAIRY,361705.0,189273.0,1.9121646467618958,361921.1391865643,category_level,216.13918656430906,0.0005975565351994279
2017-06-05,DELI,123039.53634,56933.9129,2.1488492897387452,122342.3982972126,category_level,-697.1380427874101,-0.005665967733013729
2017-06-05,EGGS,78812.0,37678.0,2.1220284663136915,79953.78855376727,category_level,1141.78855376727,0.014487496241273792
2017-06-05,FROZEN FOODS,51425.17706,25994.90402,1.988447322739547,51689.49730344049,category_level,264.3202434404884,0.005139899530770588
2017-06-05,GROCERY I,1874331.705,901569.632,2.085151890718367,1879909.6227790623,category_level,5577.917779062176,0.0029759501822342466
2017-06-05,GROCERY II,10901.0,6104.0,1.8644683666958146,11380.714910311252,category_level,479.7149103112515,0.044006504936359186
2017-06-05,HARDWARE,531.0,227.0,2.2259140474663246,505.28248877485566,category_level,-25.717511225144335,-0.048432224529462026
2017-06-05,HOME AND KITCHEN I,12137.0,5848.0,2.197046924277659,12848.33041317575,category_level,711.3304131757504,0.058608421617842174
2017-06-05,HOME AND KITCHEN II,12594.0,6427.0,1.972988890810063,12680.399601236275,category_level,86.39960123627498,0.006860378055921468
2017-06-05,HOME APPLIANCES,273.0,143.0,1.8807537012113056,268.9477792732167,category_level,-4.0522207267832755,-0.014843299365506504
2017-06-05,HOME CARE,103400.0,49757.0,2.0762181732311964,103306.38764546464,category_level,-93.6123545353621,-0.0009053419200712002
2017-06-05,LADIESWEAR,4681.0,2563.0,1.8303848212840657,4691.27629695106,category_level,10.27629695106043,0.0021953208611536915
2017-06-05,LAWN AND GARDEN,6146.0,3156.0,2.0002537922417662,6312.800968315014,category_level,166.80096831501396,0.027139760545885773
2017-06-05,LINGERIE,2610.0,1154.0,2.2340314952445297,2578.0723455121874,category_level,-31.92765448781256,-0.012232817811422436
2017-06-05,"LIQUOR,WINE,BEER",30214.0,14526.0,2.188090607257225,31784.204161018446,category_level,1570.204161018446,0.051969423479792345
2017-06-05,MAGAZINES,2672.0,1455.0,1.825972405186161,2656.7898495458644,category_level,-15.2101504541356,-0.005692421577146558
2017-06-05,MEATS,145946.3921,73906.9792,1.9545183747007162,144452.54886502365,category_level,-1493.8432349763461,-0.010235561246027857
2017-06-05,PERSONAL CARE,131246.0,62425.0,2.122711634769719,132510.2738004997,category_level,1264.2738004997082,0.009632855862271673
2017-06-05,PET SUPPLIES,3408.0,1979.0,1.7322586922677738,3428.1399519979245,category_level,20.139951997924527,0.005909610328029498
2017-06-05,PLAYERS AND ELECTRONICS,4484.0,2394.0,1.8749182600507441,4488.554314561481,category_level,4.554314561481078,0.0010156812135328006
2017-06-05,POULTRY,158201.56708,90660.1919,1.7357902329698607,157367.0756191933,category_level,-834.4914608067193,-0.0052748621660917575
2017-06-05,PREPARED FOODS,34428.53987,17888.24096,1.8430942976670825,32969.714908670736,category_level,-1458.8249613292646,-0.04237254809055789
2017-06-05,PRODUCE,919722.9468,508326.025,1.7836736155071242,906687.7188681149,category_level,-13035.227931885165,-0.014172994136156705
2017-06-05,SCHOOL AND OFFICE SUPPLIES,650.0,362.0,1.8319417822682824,663.1629251811182,category_level,13.162925181118226,0.02025065412479727
2017-06-05,SEAFOOD,7001.163017,4483.3279999999995,1.5097721180857726,6768.80361063325,category_level,-232.35940636674968,-0.0331886867656905
2017-06-12,AUTOMOTIVE,2714.0,1203.0,2.3097340641494113,2778.6100791717417,category_level,64.61007917174175,0.023806219296883473
2017-06-12,BABY CARE,58.0,29.0,2.7843336724313326,80.74567650050865,category_level,22.74567650050865,0.3921668362156664
2017-06-12,BEAUTY,1953.0,961.0,1.964977908689249,1888.3437702503682,category_level,-64.65622974963185,-0.03310610842275056
2017-06-12,BEVERAGES,1313649.0,674112.0,1.9544707649760995,1317532.1963195684,category_level,3883.1963195684366,0.0029560379671955267
2017-06-12,BOOKS,24.0,11.0,1.6005528680027643,17.606081548030406,category_level,-6.3939184519695935,-0.2664132688320664
2017-06-12,BREAD/BAKERY,204580.3961,102419.9109,1.998859798703634,204723.04248481814,category_level,142.64638481813017,0.0006972632155253226
2017-06-12,CELEBRATION,5340.0,2570.0,2.1235664881036094,5457.565874426276,category_level,117.56587442627642,0.022016081353235285
2017-06-12,CLEANING,421698.0,198665.0,2.160055926029575,429127.5105446655,category_level,7429.510544665507,0.017618083426209057
2017-06-12,DAIRY,349198.0,181742.0,1.9121646467618958,347520.62723180046,category_level,-1677.372768199537,-0.004803500501719761
2017-06-12,DELI,116347.49674,54030.255600000004,2.1488492897387452,116102.87637046287,category_level,-244.62036953713687,-0.0021024979169408887
2017-06-12,EGGS,78001.0,37668.0,2.1220284663136915,79932.56826910413,category_level,1931.5682691041293,0.024763378278536547
2017-06-12,FROZEN FOODS,54872.18801,27973.1781,1.988447322739547,55623.191101461525,category_level,751.0030914615272,0.01368640687928579
2017-06-12,GROCERY I,1723112.304,818917.657,2.085151890718367,1707567.700836205,category_level,-15544.60316379508,-0.009021236240789491
2017-06-12,GROCERY II,11821.0,6577.0,1.8644683666958146,12262.608447758374,category_level,441.6084477583736,0.037357960219809964
2017-06-12,HARDWARE,549.0,229.0,2.2259140474663246,509.73431686978836,category_level,-39.26568313021164,-0.07152219149401028
2017-06-12,HOME AND KITCHEN I,15699.0,7661.0,2.197046924277659,16831.576486891146,category_level,1132.5764868911465,0.07214322484815253
2017-06-12,HOME AND KITCHEN II,10100.0,4643.0,1.972988890810063,9160.587420031123,category_level,-939.4125799688773,-0.09301114653157201
2017-06-12,HOME APPLIANCES,240.0,126.0,1.8807537012113056,236.9749663526245,category_level,-3.025033647375494,-0.012604306864064559
2017-06-12,HOME CARE,99201.0,46134.0,2.0762181732311964,95784.24920384801,category_level,-3416.7507961519877,-0.03444270517587512
2017-06-12,LADIESWEAR,4430.0,2335.0,1.8303848212840657,4273.948557698293,category_level,-156.05144230170663,-0.035226059210317524
2017-06-12,LAWN AND GARDEN,7760.0,3642.0,2.0002537922417662,7284.924311344513,category_level,-475.0756886554873,-0.061221093898903
2017-06-12,LINGERIE,2324.0,1039.0,2.2340314952445297,2321.1587235590664,category_level,-2.8412764409335978,-0.0012225802241538717
2017-06-12,"LIQUOR,WINE,BEER",43389.0,21293.0,2.188090607257225,46591.013300328086,category_level,3202.013300328086,0.07379781281725982
2017-06-12,MAGAZINES,2879.0,1524.0,1.825972405186161,2782.7819455037093,category_level,-96.21805449629073,-0.03342065109284152
2017-06-12,MEATS,142370.10158,72466.6962,1.9545183747007162,141637.48927675458,category_level,-732.6123032454052,-0.005145829743148275
2017-06-12,PERSONAL CARE,111179.0,51818.0,2.122711634769719,109994.67149049729,category_level,-1184.3285095027095,-0.010652447939833148
2017-06-12,PET SUPPLIES,3582.0,2030.0,1.7322586922677738,3516.485145303581,category_level,-65.5148546964192,-0.018290020853271693
2017-06-12,PLAYERS AND ELECTRONICS,4244.0,2280.0,1.8749182600507441,4274.813632915697,category_level,30.81363291569687,0.007260516709636397
2017-06-12,POULTRY,147351.35005,83107.6872,1.7357902329698607,144257.5117264743,category_level,-3093.838323525706,-0.020996335102975907
2017-06-12,PREPARED FOODS,34087.22439,17522.01813,1.8430942976670825,32294.73169902224,category_level,-1792.4926909777641,-0.05258546927932386
2017-06-12,PRODUCE,920040.2337999999,508665.6249,1.7836736155071242,907293.4542495736,category_level,-12746.77955042629,-0.013854589269187558
2017-06-12,SCHOOL AND OFFICE SUPPLIES,552.0,308.0,1.8319417822682824,564.2380689386309,category_level,12.238068938630931,0.022170414743896614
2017-06-12,SEAFOOD,6705.788997,4388.886995,1.5097721180857726,6626.219214480251,category_level,-79.56978251974851,-0.01186583451333557
2017-06-19,AUTOMOTIVE,2783.0,1215.0,2.3097340641494113,2806.3268879415346,category_level,23.32688794153455,0.008381921646257475
2017-06-19,BABY CARE,70.0,24.0,2.7843336724313326,66.82400813835199,category_level,-3.175991861648015,-0.04537131230925736
2017-06-19,BEAUTY,2125.0,1072.0,1.964977908689249,2106.4563181148746,category_level,-18.543681885125352,-0.008726438534176637
2017-06-19,BEVERAGES,1274435.0,649347.0,1.9544707649760995,1269129.7278249352,category_level,-5305.272175064776,-0.0041628424949603365
2017-06-19,BOOKS,8.0,4.0,1.6005528680027643,6.402211472011057,category_level,-1.5977885279889428,-0.19972356599861785
2017-06-19,BREAD/BAKERY,214031.1494,108086.7045,1.998859798703634,216050.1683994092,category_level,2019.0189994091925,0.009433295130494648
2017-06-19,CELEBRATION,4913.0,2266.0,2.1235664881036094,4812.001662042779,category_level,-100.99833795722134,-0.02055736575559156
2017-06-19,CLEANING,459181.0,212376.0,2.160055926029575,458744.037346457,category_level,-436.9626535429852,-0.0009516130971076443
2017-06-19,DAIRY,345238.0,179042.0,1.9121646467618958,342357.78268554335,category_level,-2880.2173144566477,-0.008342700729516008
2017-06-19,DELI,114634.82742,53126.1535,2.1488492897387452,114160.09721502656,category_level,-474.7302049734426,-0.004141238885754346
2017-06-19,EGGS,75458.0,35116.0,2.1220284663136915,74517.1516230716,category_level,-940.8483769284067,-0.012468504027782431
2017-06-19,FROZEN FOODS,48815.17894,24598.18988,1.988447322739547,48912.20481112502,category_level,97.02587112502079,0.001987616828041905
2017-06-19,GROCERY I,1682980.056,808430.158,2.085151890718367,1685699.672467448,category_level,2719.6164674479514,0.0016159528793892916
2017-06-19,GROCERY II,11023.0,6020.0,1.8644683666958146,11224.099567508803,category_level,201.09956750880337,0.018243633086165598
2017-06-19,HARDWARE,538.0,225.0,2.2259140474663246,500.830660679923,category_level,-37.16933932007697,-0.06908799130125831
2017-06-19,HOME AND KITCHEN I,11212.0,5492.0,2.197046924277659,12066.181708132905,category_level,854.1817081329045,0.0761845975858816
2017-06-19,HOME AND KITCHEN II,11308.0,5321.0,1.972988890810063,10498.273888000345,category_level,-809.7261119996547,-0.07160648319770557
2017-06-19,HOME APPLIANCES,244.0,122.0,1.8807537012113056,229.4519515477793,category_level,-14.548048452220712,-0.05962314939434718
2017-06-19,HOME CARE,112976.0,52904.0,2.0762181732311964,109840.24623662322,category_level,-3135.753763376779,-0.02775592836865156
2017-06-19,LADIESWEAR,4594.0,2498.0,1.8303848212840657,4572.301283567596,category_level,-21.69871643240367,-0.004723273058860181
2017-06-19,LAWN AND GARDEN,5684.0,2923.0,2.0002537922417662,5846.741834722683,category_level,162.74183472268305,0.028631568388930866
2017-06-19,LINGERIE,2668.0,1103.0,2.2340314952445297,2464.1367392547163,category_level,-203.8632607452837,-0.07641051752072102
2017-06-19,"LIQUOR,WINE,BEER",35319.0,17127.0,2.188090607257225,37475.42783049449,category_level,2156.427830494489,0.061055744230994344
2017-06-19,MAGAZINES,2151.0,1179.0,1.825972405186161,2152.821465714484,category_level,1.8214657144840203,0.0008467994953435706
2017-06-19,MEATS,141560.53116,71808.27786,1.9545183747007162,140350.59853298462,category_level,-1209.9326270153979,-0.008547104317147985
2017-06-19,PERSONAL CARE,112091.0,51779.0,2.122711634769719,109911.88573674127,category_level,-2179.114263258729,-0.019440581877748695
2017-06-19,PET SUPPLIES,3300.0,1821.0,1.7322586922677738,3154.4430786196162,category_level,-145.55692138038376,-0.04410815799405568
2017-06-19,PLAYERS AND ELECTRONICS,4140.0,2199.0,1.8749182600507441,4122.945253851586,category_level,-17.05474614841387,-0.0041195039005830604
2017-06-19,POULTRY,142781.75797,80837.3141,1.7357902329698607,140316.62027429682,category_level,-2465.13769570319,-0.017265074549797473
2017-06-19,PREPARED FOODS,34255.98014,17765.47206,1.8430942976670825,32743.440249149877,category_level,-1512.539890850123,-0.0441540392266856
2017-06-19,PRODUCE,902708.6244,501301.5439,1.7836736155071242,894158.3372674163,category_level,-8550.287132583675,-0.009471812832481536
2017-06-19,SCHOOL AND OFFICE SUPPLIES,522.0,296.0,1.8319417822682824,542.2547675514116,category_level,20.254767551411646,0.03880223668852806
2017-06-19,SEAFOOD,7669.676991,4957.80999,1.5097721180857726,7485.163289669103,category_level,-184.51370133089767,-0.024057558297098523
2017-06-26,AUTOMOTIVE,2812.0,1145.0,2.3097340641494113,2644.645503451076,category_level,-167.3544965489241,-0.0595144013331878
2017-06-26,BABY CARE,87.0,28.0,2.7843336724313326,77.9613428280773,category_level,-9.038657171922694,-0.10389261117152522
2017-06-26,BEAUTY,2469.0,1218.0,1.964977908689249,2393.343092783505,category_level,-75.6569072164948,-0.03064273277298291
2017-06-26,BEVERAGES,1326264.0,665675.0,1.9544707649760995,1301042.326475465,category_level,-25221.67352453503,-0.01901708372129156
2017-06-26,BOOKS,15.0,13.0,1.6005528680027643,20.807187284035937,category_level,5.807187284035937,0.38714581893572914
2017-06-26,BREAD/BAKERY,215722.95130000002,105950.8547,1.998859798703634,211780.90409811997,category_level,-3942.04720188005,-0.018273656920250236
2017-06-26,CELEBRATION,5176.0,2459.0,2.1235664881036094,5221.849994246775,category_level,45.84999424677517,0.008858190542267228
2017-06-26,CLEANING,524038.0,233155.0,2.160055926029575,503627.8394334256,category_level,-20410.16056657443,-0.03894786364075588
2017-06-26,DAIRY,354015.0,182528.0,1.9121646467618958,349023.5886441553,category_level,-4991.411355844699,-0.014099434644985944
2017-06-26,DELI,122078.12873,55696.596,2.1488492897387452,119683.59075546583,category_level,-2394.5379745341634,-0.01961479914088591
2017-06-26,EGGS,75547.0,35025.0,2.1220284663136915,74324.04703263704,category_level,-1222.9529673629586,-0.01618797526523831
2017-06-26,FROZEN FOODS,51082.48878,26283.0618,1.988447322739547,52262.483869608055,category_level,1179.9950896080554,0.02309979638404093
2017-06-26,GROCERY I,1809834.229,857740.8489999999,2.085151890718367,1788519.953038727,category_level,-21314.275961273117,-0.01177692167588743
2017-06-26,GROCERY II,10909.0,5854.0,1.8644683666958146,10914.5978186373,category_level,5.597818637299497,0.0005131376512328809
2017-06-26,HARDWARE,557.0,259.0,2.2259140474663246,576.5117382937781,category_level,19.51173829377808,0.03503005079672905
2017-06-26,HOME AND KITCHEN I,12436.0,5887.0,2.197046924277659,12934.015243222579,category_level,498.01524322257865,0.04004625629001115
2017-06-26,HOME AND KITCHEN II,12022.0,5846.0,1.972988890810063,11534.093055675628,category_level,-487.9069443243716,-0.040584507097352486
2017-06-26,HOME APPLIANCES,212.0,123.0,1.8807537012113056,231.33270524899058,category_level,19.332705248990578,0.09119200589146499
2017-06-26,HOME CARE,129479.0,60395.0,2.0762181732311964,125393.19657229811,category_level,-4085.8034277018887,-0.03155572276355153
2017-06-26,LADIESWEAR,4734.0,2569.0,1.8303848212840657,4702.258605878765,category_level,-31.741394121235317,-0.006704983971532598
2017-06-26,LAWN AND GARDEN,6236.0,3045.0,2.0002537922417662,6090.7727973761785,category_level,-145.22720262382154,-0.023288518701703263
2017-06-26,LINGERIE,2758.0,1186.0,2.2340314952445297,2649.561353360012,category_level,-108.43864663998784,-0.03931785592457862
2017-06-26,"LIQUOR,WINE,BEER",36365.0,17072.0,2.188090607257225,37355.08284709534,category_level,990.082847095342,0.027226257310472762
2017-06-26,MAGAZINES,1571.0,835.0,1.825972405186161,1524.6869583304444,category_level,-46.31304166955556,-0.029479975601244785
2017-06-26,MEATS,148728.24946,75493.9726,1.9545183747007162,147554.35662585238,category_level,-1173.892834147613,-0.007892870644344725
2017-06-26,PERSONAL CARE,124817.0,56798.0,2.122711634769719,120565.77543165049,category_level,-4251.224568349513,-0.03405965988887341
2017-06-26,PET SUPPLIES,3710.0,2115.0,1.7322586922677738,3663.7271341463415,category_level,-46.27286585365846,-0.012472470580500933
2017-06-26,PLAYERS AND ELECTRONICS,4396.0,2287.0,1.8749182600507441,4287.938060736052,category_level,-108.06193926394826,-0.02458187881345502
2017-06-26,POULTRY,153267.12923,86732.56503,1.7357902329698607,150549.53925949728,category_level,-2717.5899705027114,-0.017731068521708693
2017-06-26,PREPARED FOODS,35455.09703,18945.79798,1.8430942976670825,34918.89222169053,category_level,-536.2048083094705,-0.015123490082561778
2017-06-26,PRODUCE,920838.0311,512070.41500000004,1.7836736155071242,913366.4885172836,category_level,-7471.542582716444,-0.008113851003516012
2017-06-26,SCHOOL AND OFFICE SUPPLIES,536.0,279.0,1.8319417822682824,511.1117572528508,category_level,-24.888242747149206,-0.046433288707367924
2017-06-26,SEAFOOD,8310.07296,5527.77093,1.5097721180857726,8345.674425279061,category_level,35.60146527906181,0.00428413389995818
2017-07-03,AUTOMOTIVE,2795.0,1189.0,2.3097340641494113,2746.27380227365,category_level,-48.726197726350165,-0.01743334444592135
2017-07-03,BABY CARE,72.0,32.0,2.7843336724313326,89.09867751780264,category_level,17.098677517802642,0.23748163219170337
2017-07-03,BEAUTY,2262.0,1094.0,1.964977908689249,2149.685832106038,category_level,-112.3141678939619,-0.049652594117578205
2017-07-03,BEVERAGES,1368223.0,689246.0,1.9544707649760995,1347111.1568767168,category_level,-21111.843123283237,-0.01543011857225265
2017-07-03,BOOKS,7.0,3.0,1.6005528680027643,4.801658604008293,category_level,-2.198341395991707,-0.31404877085595817
2017-07-03,BREAD/BAKERY,216708.5398,105981.701,1.998859798703634,211842.56152712874,category_level,-4865.97827287126,-0.022454021781338495
2017-07-03,CELEBRATION,5179.0,2395.0,2.1235664881036094,5085.941739008144,category_level,-93.0582609918556,-0.01796838404940251
2017-07-03,CLEANING,547590.0,249984.0,2.160055926029575,539979.4206125773,category_level,-7610.579387422651,-0.01389831696601956
2017-07-03,DAIRY,355061.0,183821.0,1.9121646467618958,351496.0175324184,category_level,-3564.982467581576,-0.010040478868649545
2017-07-03,DELI,129621.1147,60242.5833,2.1488492897387452,129452.23233623219,category_level,-168.88236376781424,-0.0013028923887800374
2017-07-03,EGGS,76774.0,35796.0,2.1220284663136915,75960.1309801649,category_level,-813.869019835096,-0.010600841689049626
2017-07-03,FROZEN FOODS,51856.28872,26679.42084,1.988447322739547,53050.622941539674,category_level,1194.334221539677,0.02303161778484631
2017-07-03,GROCERY I,1826123.941,870410.375,2.085151890718367,1814937.8391321327,category_level,-11186.1018678674,-0.00612559838722765
2017-07-03,GROCERY II,11316.0,5842.0,1.8644683666958146,10892.224198236949,category_level,-423.7758017630513,-0.03744925784403069
2017-07-03,HARDWARE,595.0,287.0,2.2259140474663246,638.8373316228351,category_level,43.83733162283511,0.07367618760140354
2017-07-03,HOME AND KITCHEN I,12429.0,5573.0,2.197046924277659,12244.142508999394,category_level,-184.8574910006064,-0.014873078365162634
2017-07-03,HOME AND KITCHEN II,11694.0,6038.0,1.972988890810063,11912.906922711161,category_level,218.90692271116131,0.018719593185493526
2017-07-03,HOME APPLIANCES,201.0,82.0,1.8807537012113056,154.22180349932705,category_level,-46.77819650067295,-0.23272734577449228
2017-07-03,HOME CARE,127370.0,61010.0,2.0762181732311964,126670.0707488353,category_level,-699.9292511647072,-0.005495244179671094
2017-07-03,LADIESWEAR,4512.0,2439.0,1.8303848212840657,4464.3085791118365,category_level,-47.69142088816352,-0.010569907111738368
2017-07-03,LAWN AND GARDEN,6347.0,3133.0,2.0002537922417662,6266.795131093454,category_level,-80.20486890654593,-0.012636658091467768
2017-07-03,LINGERIE,2514.0,1017.0,2.2340314952445297,2272.010030663687,category_level,-241.98996933631315,-0.09625694882112695
2017-07-03,"LIQUOR,WINE,BEER",33702.0,15969.0,2.188090607257225,34941.61890729062,category_level,1239.61890729062,0.03678176094269242
2017-07-03,MAGAZINES,2310.0,1273.0,1.825972405186161,2324.462871801983,category_level,14.462871801983056,0.006260983464061929
2017-07-03,MEATS,147279.04684,75349.5295,1.9545183747007162,147272.0399328037,category_level,-7.0069071963080205,-4.7575723408368715e-05
2017-07-03,PERSONAL CARE,121418.0,56730.0,2.122711634769719,120421.43104048615,category_level,-996.5689595138538,-0.00820775304743822
2017-07-03,PET SUPPLIES,3646.0,2094.0,1.7322586922677738,3627.3497016087185,category_level,-18.650298391281467,-0.005115276574679503
2017-07-03,PLAYERS AND ELECTRONICS,4513.0,2471.0,1.8749182600507441,4632.923020585389,category_level,119.92302058538917,0.02657279427994442
2017-07-03,POULTRY,155978.2181,88779.523,1.7357902329698607,154102.62891112312,category_level,-1875.589188876882,-0.012024686598704528
2017-07-03,PREPARED FOODS,34629.32194,18062.052,1.8430942976670825,33290.065045366326,category_level,-1339.256894633676,-0.03867407213326672
2017-07-03,PRODUCE,935398.947,516554.736,1.7836736155071242,921365.053568448,category_level,-14033.893431551987,-0.015003110145207365
2017-07-03,SCHOOL AND OFFICE SUPPLIES,534.0,266.0,1.8319417822682824,487.29651408336315,category_level,-46.70348591663685,-0.08745971145437613
2017-07-03,SEAFOOD,8389.705030000001,5514.26501,1.5097721180857726,8325.283563833964,category_level,-64.42146616603713,-0.007678633031277993
2017-07-10,AUTOMOTIVE,2558.0,1072.0,2.3097340641494113,2476.034916768169,category_level,-81.96508323183116,-0.032042643953022344
2017-07-10,BABY CARE,94.0,38.0,2.7843336724313326,105.80467955239064,category_level,11.804679552390638,0.12558169736585786
2017-07-10,BEAUTY,1923.0,977.0,1.964977908689249,1919.7834167893961,category_level,-3.216583210603858,-0.001672690177121091
2017-07-10,BEVERAGES,1361851.0,687670.0,1.9544707649760995,1344030.9109511143,category_level,-17820.08904888574,-0.01308519731518774
2017-07-10,BOOKS,8.0,4.0,1.6005528680027643,6.402211472011057,category_level,-1.5977885279889428,-0.19972356599861785
2017-07-10,BREAD/BAKERY,204034.8473,98491.2952,1.998859798703634,196870.29049753217,category_level,-7164.556802467821,-0.03511437824115166
2017-07-10,CELEBRATION,4967.0,2131.0,2.1235664881036094,4525.320186148791,category_level,-441.67981385120856,-0.0889228536040283
2017-07-10,CLEANING,457523.0,200600.0,2.160055926029575,433307.21876153274,category_level,-24215.781238467258,-0.05292800851206881
2017-07-10,DAIRY,325143.0,166187.0,1.9121646467618958,317776.90615141916,category_level,-7366.093848580844,-0.022654935977649355
2017-07-10,DELI,118466.1039,54220.7741,2.1488492897387452,116512.27191386996,category_level,-1953.8319861300406,-0.016492751274907427
2017-07-10,EGGS,73256.0,33476.0,2.1220284663136915,71037.02493831713,category_level,-2218.975061682868,-0.0302906937545439
2017-07-10,FROZEN FOODS,48179.45397,24138.4951,1.988447322739547,47998.12595655667,category_level,-181.32801344332984,-0.0037635962739685203
2017-07-10,GROCERY I,1625023.17,766078.057,2.085151890718367,1597389.108991403,category_level,-27634.061008597026,-0.017005333535396315
2017-07-10,GROCERY II,12556.0,6194.0,1.8644683666958146,11548.517063313875,category_level,-1007.482936686125,-0.08023916348248845
2017-07-10,HARDWARE,551.0,230.0,2.2259140474663246,511.96023091725465,category_level,-39.03976908274535,-0.0708525754677774
2017-07-10,HOME AND KITCHEN I,11596.0,5198.0,2.197046924277659,11420.249912395273,category_level,-175.750087604727,-0.015156095861049242
2017-07-10,HOME AND KITCHEN II,10585.0,5099.0,1.972988890810063,10060.27035424051,category_level,-524.7296457594894,-0.049572947166697155
2017-07-10,HOME APPLIANCES,154.0,81.0,1.8807537012113056,152.34104979811576,category_level,-1.6589502018842381,-0.01077240390833921
2017-07-10,HOME CARE,115209.0,54503.0,2.0762181732311964,113160.1190956199,category_level,-2048.880904380101,-0.01778403513944311
2017-07-10,LADIESWEAR,4043.0,2144.0,1.8303848212840657,3924.345056833037,category_level,-118.65494316696322,-0.029348242188217466
2017-07-10,LAWN AND GARDEN,6111.0,3055.0,2.0002537922417662,6110.775335298596,category_level,-0.22466470140443562,-3.676398321132967e-05
2017-07-10,LINGERIE,2408.0,1009.0,2.2340314952445297,2254.1377787017304,category_level,-153.86222129826956,-0.0638962713032681
2017-07-10,"LIQUOR,WINE,BEER",34458.0,15305.0,2.188090607257225,33488.72674407183,category_level,-969.2732559281721,-0.02812912113088897
2017-07-10,MAGAZINES,2540.0,1438.0,1.825972405186161,2625.7483186576997,category_level,85.74831865769966,0.033759180573897506
2017-07-10,MEATS,136684.74277,69097.41286,1.9545183747007162,135052.16307915156,category_level,-1632.579690848448,-0.011944125275164008
2017-07-10,PERSONAL CARE,106977.0,49827.0,2.122711634769719,105768.35262567078,category_level,-1208.6473743292154,-0.011298198438255096
2017-07-10,PET SUPPLIES,3151.0,1734.0,1.7322586922677738,3003.73657239232,category_level,-147.26342760768011,-0.04673545782535072
2017-07-10,PLAYERS AND ELECTRONICS,4250.0,2236.0,1.8749182600507441,4192.317229473464,category_level,-57.68277052653593,-0.013572416594479043
2017-07-10,POULTRY,146434.53971,81759.78494,1.7357902329698607,141917.8361485683,category_level,-4516.703561431699,-0.030844523227761773
2017-07-10,PREPARED FOODS,32514.5961,17016.100019999998,1.8430942976670825,31362.276915394727,category_level,-1152.3191846052723,-0.03544005839904228
2017-07-10,PRODUCE,887435.8732,485299.649,1.7836736155071242,865616.1795361683,category_level,-21819.693663831684,-0.02458734689769997
2017-07-10,SCHOOL AND OFFICE SUPPLIES,487.0,245.0,1.8319417822682824,448.8257366557292,category_level,-38.1742633442708,-0.07838657770897495
2017-07-10,SEAFOOD,7341.093041,4721.601035,1.5097721180857726,7128.541595367926,category_level,-212.55144563207432,-0.028953650967910995
2017-07-17,AUTOMOTIVE,2605.0,1118.0,2.3097340641494113,2582.282683719042,category_level,-22.71731628095813,-0.008720658841058783
2017-07-17,BABY CARE,52.0,25.0,2.7843336724313326,69.60834181078332,category_level,17.608341810783315,0.33862195789967914
2017-07-17,BEAUTY,1925.0,959.0,1.964977908689249,1884.4138144329897,category_level,-40.58618556701026,-0.02108373276208325
2017-07-17,BEVERAGES,1348452.0,664227.0,1.9544707649760995,1298212.2528077797,category_level,-50239.7471922203,-0.03725734931033533
2017-07-17,BOOKS,15.0,10.0,1.6005528680027643,16.005528680027645,category_level,1.0055286800276448,0.06703524533517632
2017-07-17,BREAD/BAKERY,196272.5212,95254.1887,1.998859798703634,190399.76845055996,category_level,-5872.752749440027,-0.029921421060545423
2017-07-17,CELEBRATION,4896.0,2107.0,2.1235664881036094,4474.354590434305,category_level,-421.64540956569545,-0.08612038594070577
2017-07-17,CLEANING,440485.0,203668.0,2.160055926029575,439934.2703425915,category_level,-550.7296574084903,-0.0012502801625673752
2017-07-17,DAIRY,318160.0,163605.0,1.9121646467618958,312839.69703348,category_level,-5320.302966520016,-0.01672209883869756
2017-07-17,DELI,115157.4424,52891.7069,2.1488492897387452,113656.30680513488,category_level,-1501.135594865118,-0.01303550655155153
2017-07-17,EGGS,75159.0,34977.0,2.1220284663136915,74222.18966625398,category_level,-936.8103337460198,-0.012464379964422354
2017-07-17,FROZEN FOODS,47695.92797,23841.9829,1.988447322739547,47408.527066307055,category_level,-287.40090369294194,-0.0060256905762209444
2017-07-17,GROCERY I,1659399.654,781846.093,2.085151890718367,1630267.859069718,category_level,-29131.79493028205,-0.017555623119517683
2017-07-17,GROCERY II,13064.0,6551.0,1.8644683666958146,12214.132270224281,category_level,-849.8677297757185,-0.06505417404896804
2017-07-17,HARDWARE,496.0,212.0,2.2259140474663246,471.8937780628608,category_level,-24.106221937139196,-0.04860125390552257
2017-07-17,HOME AND KITCHEN I,11262.0,5384.0,2.197046924277659,11828.900640310916,category_level,566.9006403109161,0.05033747472126763
2017-07-17,HOME AND KITCHEN II,10822.0,5466.0,1.972988890810063,10784.357277167805,category_level,-37.64272283219543,-0.003478351767898303
2017-07-17,HOME APPLIANCES,121.0,53.0,1.8807537012113056,99.6799461641992,category_level,-21.320053835800806,-0.17619879203141162
2017-07-17,HOME CARE,120002.0,58195.0,2.0762181732311964,120825.51659118947,category_level,823.5165911894728,0.006862523884514199
2017-07-17,LADIESWEAR,4352.0,2316.0,1.8303848212840657,4239.171246093896,category_level,-112.82875390610388,-0.02592572470268931
2017-07-17,LAWN AND GARDEN,6091.0,2923.0,2.0002537922417662,5846.741834722683,category_level,-244.25816527731695,-0.0401014883068982
2017-07-17,LINGERIE,2330.0,928.0,2.2340314952445297,2073.1812275869233,category_level,-256.81877241307666,-0.11022264910432475
2017-07-17,"LIQUOR,WINE,BEER",36719.0,16705.0,2.188090607257225,36552.05359423194,category_level,-166.94640576805978,-0.004546594563252261
2017-07-17,MAGAZINES,2643.0,1463.0,1.825972405186161,2671.3976287873534,category_level,28.39762878735337,0.010744467948298664
2017-07-17,MEATS,143579.68948,71324.0295,1.9545183747007162,139404.12621544595,category_level,-4175.563264554046,-0.029081851894767353
2017-07-17,PERSONAL CARE,113923.0,53362.0,2.122711634769719,113272.13825458173,category_level,-650.8617454182677,-0.005713172453484087
2017-07-17,PET SUPPLIES,2909.0,1654.0,1.7322586922677738,2865.155877010898,category_level,-43.844122989101834,-0.015071888274012318
2017-07-17,PLAYERS AND ELECTRONICS,4241.0,2240.0,1.8749182600507441,4199.816902513667,category_level,-41.18309748633328,-0.009710704429694243
2017-07-17,POULTRY,146275.83005,80886.70324999999,1.7357902329698607,140402.34947848148,category_level,-5873.480571518507,-0.04015345918400076
2017-07-17,PREPARED FOODS,33234.14307,17348.91407,1.8430942976670825,31975.684593133214,category_level,-1258.4584768667846,-0.03786643375206439
2017-07-17,PRODUCE,873335.9761,477900.63,1.7836736155071242,852418.7445652324,category_level,-20917.231534767547,-0.02395095599768634
2017-07-17,SCHOOL AND OFFICE SUPPLIES,1205.0,980.0,1.8319417822682824,1795.3029466229168,category_level,590.3029466229168,0.48987796400242056
2017-07-17,SEAFOOD,7454.983985,4861.249,1.5097721180857726,7339.378199272343,category_level,-115.60578572765644,-0.015507180962462718
2017-07-24,AUTOMOTIVE,2715.0,1130.0,2.3097340641494113,2609.9994924888347,category_level,-105.00050751116532,-0.03867422007777728
2017-07-24,BABY CARE,76.0,33.0,2.7843336724313326,91.88301119023397,category_level,15.883011190233972,0.20898698934518384
2017-07-24,BEAUTY,2067.0,1062.0,1.964977908689249,2086.8065390279826,category_level,19.80653902798258,0.009582263680688234
2017-07-24,BEVERAGES,1361379.0,667396.0,1.9544707649760995,1304405.970661989,category_level,-56973.02933801105,-0.04184949917547652
2017-07-24,BOOKS,5.0,2.0,1.6005528680027643,3.2011057360055286,category_level,-1.7988942639944714,-0.35977885279889427
2017-07-24,BREAD/BAKERY,199331.7977,95812.1596,1.998859798703634,191515.07405141645,category_level,-7816.723648583546,-0.039214634788715126
2017-07-24,CELEBRATION,5284.0,2446.0,2.1235664881036094,5194.243629901429,category_level,-89.7563700985711,-0.016986444000486583
2017-07-24,CLEANING,551059.0,239926.0,2.160055926029575,518253.5781085718,category_level,-32805.42189142818,-0.0595315962382035
2017-07-24,DAIRY,318300.0,164344.0,1.9121646467618958,314252.786707437,category_level,-4047.213292562985,-0.012715090457313807
2017-07-24,DELI,113440.39435,52362.5724,2.1488492897387452,112519.27651063362,category_level,-921.1178393663868,-0.008119839891638976
2017-07-24,EGGS,73833.0,34972.0,2.1220284663136915,74211.57952392242,category_level,378.5795239224244,0.005127511057689982
2017-07-24,FROZEN FOODS,48876.3549,24969.26192,1.988447322739547,49650.06201560652,category_level,773.7071156065213,0.015829885784026037
2017-07-24,GROCERY I,1719374.185,801033.818,2.085151890718367,1670277.1801320522,category_level,-49097.00486794789,-0.028555159950797965
2017-07-24,GROCERY II,14937.0,7398.0,1.8644683666958146,13793.336976815637,category_level,-1143.6630231843628,-0.07656577781243643
2017-07-24,HARDWARE,585.0,261.0,2.2259140474663246,580.9635663887108,category_level,-4.036433611289226,-0.006899886515024318
2017-07-24,HOME AND KITCHEN I,11173.0,5306.0,2.197046924277659,11657.53098021726,category_level,484.53098021725964,0.043366238272376234
2017-07-24,HOME AND KITCHEN II,12098.0,5926.0,1.972988890810063,11691.932166940433,category_level,-406.0678330595674,-0.03356487295913105
2017-07-24,HOME APPLIANCES,88.0,37.0,1.8807537012113056,69.58788694481831,category_level,-18.412113055181692,-0.2092285574452465
2017-07-24,HOME CARE,122537.0,59741.0,2.0762181732311964,124035.34988700491,category_level,1498.349887004908,0.012227734374147465
2017-07-24,LADIESWEAR,4299.0,2394.0,1.8303848212840657,4381.941262154053,category_level,82.94126215405322,0.019293152396848853
2017-07-24,LAWN AND GARDEN,6060.0,2811.0,2.0002537922417662,5622.713409991605,category_level,-437.28659000839525,-0.07215950330171539
2017-07-24,LINGERIE,2231.0,934.0,2.2340314952445297,2086.5854165583905,category_level,-144.41458344160947,-0.06473087559014319
2017-07-24,"LIQUOR,WINE,BEER",36270.0,17300.0,2.188090607257225,37853.96750554999,category_level,1583.9675055499902,0.043671560671353464
2017-07-24,MAGAZINES,2222.0,1254.0,1.825972405186161,2289.769396103446,category_level,67.76939610344607,0.030499278174368167
2017-07-24,MEATS,140536.1022,69898.0853,1.9545183747007162,136617.09207524805,category_level,-3919.0101247519488,-0.02788614500759897
2017-07-24,PERSONAL CARE,117970.0,54554.0,2.122711634769719,115802.41052322724,category_level,-2167.5894767727586,-0.018374073720206482
2017-07-24,PET SUPPLIES,3192.0,1800.0,1.7322586922677738,3118.065646081993,category_level,-73.93435391800722,-0.023162391578323064
2017-07-24,PLAYERS AND ELECTRONICS,4246.0,2283.0,1.8749182600507441,4280.438387695849,category_level,34.43838769584909,0.008110783724882028
2017-07-24,POULTRY,143422.8896,79557.5816,1.7357902329698607,138095.2730999827,category_level,-5327.616500017291,-0.03714620807651955
2017-07-24,PREPARED FOODS,33216.604,17168.943,1.8430942976670825,31643.980940271173,category_level,-1572.6230597288268,-0.04734448650225733
2017-07-24,PRODUCE,858957.3092,469656.432,1.7836736155071242,837713.7861116158,category_level,-21243.523088384187,-0.02473175658539956
2017-07-24,SCHOOL AND OFFICE SUPPLIES,4715.0,4390.0,1.8319417822682824,8042.22442415776,category_level,3327.22442415776,0.705667958464
2017-07-24,SEAFOOD,7314.219951,4763.94697,1.5097721180857726,7192.474307345198,category_level,-121.74564365480182,-0.016645061875416634
2017-07-31,AUTOMOTIVE,3118.0,1318.0,2.3097340641494113,3044.229496548924,category_level,-73.77050345107591,-0.02365955851541883
2017-07-31,BABY CARE,90.0,38.0,2.7843336724313326,105.80467955239064,category_level,15.804679552390638,0.17560755058211822
2017-07-31,BEAUTY,2659.0,1359.0,1.964977908689249,2670.4049779086895,category_level,11.404977908689489,0.004289198160469909
2017-07-31,BEVERAGES,1436505.0,696792.0,1.9544707649760995,1361859.5932692264,category_level,-74645.40673077363,-0.051963207041238024
2017-07-31,BOOKS,5.0,2.0,1.6005528680027643,3.2011057360055286,category_level,-1.7988942639944714,-0.35977885279889427
2017-07-31,BREAD/BAKERY,215378.2101,103274.75809999999,1.998859798703634,206431.7621869325,category_level,-8946.447913067503,-0.041538314896913994
2017-07-31,CELEBRATION,4762.0,2129.0,2.1235664881036094,4521.073053172584,category_level,-240.92694682741603,-0.05059364696081815
2017-07-31,CLEANING,566344.0,238642.0,2.160055926029575,515480.0662995498,category_level,-50863.93370045017,-0.08981102245357975
2017-07-31,DAIRY,340015.0,173339.0,1.9121646467618958,331452.70770506025,category_level,-8562.292294939747,-0.02518210165710262
2017-07-31,DELI,125645.44052999999,57166.5849,2.1488492897387452,122842.37535915468,category_level,-2803.065170845308,-0.022309326617992384
2017-07-31,EGGS,78346.0,36476.0,2.1220284663136915,77403.11033725821,category_level,-942.8896627417853,-0.012034943235669789
2017-07-31,FROZEN FOODS,51444.11727,26061.26318,1.988447322739547,51821.44899748173,category_level,377.3317274817309,0.0073347886503978285
2017-07-31,GROCERY I,1932154.347,890880.595,2.085151890718367,1857621.3570685536,category_level,-74532.9899314465,-0.03857507038564063
2017-07-31,GROCERY II,12227.0,6428.0,1.8644683666958146,11984.802661120697,category_level,-242.19733887930306,-0.019808402623644646
2017-07-31,HARDWARE,558.0,255.0,2.2259140474663246,567.6080821039128,category_level,9.608082103912807,0.017218785132460227
2017-07-31,HOME AND KITCHEN I,11387.0,5181.0,2.197046924277659,11382.900114682552,category_level,-4.099885317447843,-0.0003600496458635148
2017-07-31,HOME AND KITCHEN II,12742.0,6842.0,1.972988890810063,13499.18999092245,category_level,757.1899909224503,0.0594247363775271
2017-07-31,HOME APPLIANCES,98.0,49.0,1.8807537012113056,92.15693135935398,category_level,-5.843068640646024,-0.05962314939434718
2017-07-31,HOME CARE,126960.0,59820.0,2.0762181732311964,124199.37112269017,category_level,-2760.628877309835,-0.02174408378473405
2017-07-31,LADIESWEAR,4309.0,2391.0,1.8303848212840657,4376.450107690201,category_level,67.45010769020064,0.01565330881647729
2017-07-31,LAWN AND GARDEN,5803.0,2853.0,2.0002537922417662,5706.724069265759,category_level,-96.27593073424123,-0.01659071699711205
2017-07-31,LINGERIE,2928.0,1312.0,2.2340314952445297,2931.0493217608227,category_level,3.0493217608227496,0.0010414350276033981
2017-07-31,"LIQUOR,WINE,BEER",36239.0,16344.0,2.188090607257225,35762.15288501208,category_level,-476.84711498791876,-0.013158396064679456
2017-07-31,MAGAZINES,2246.0,1317.0,1.825972405186161,2404.805657630174,category_level,158.8056576301742,0.0707059918210927
2017-07-31,MEATS,153183.73917,77468.4699,1.9545183747007162,151413.54787949935,category_level,-1770.191290500632,-0.011556000004257059
2017-07-31,PERSONAL CARE,140161.0,64653.0,2.122711634769719,137239.67532276662,category_level,-2921.3246772333805,-0.020842635806204154
2017-07-31,PET SUPPLIES,3359.0,1891.0,1.7322586922677738,3275.7011870783604,category_level,-83.29881292163964,-0.024798693933206203
2017-07-31,PLAYERS AND ELECTRONICS,4599.0,2423.0,1.8749182600507441,4542.926944102953,category_level,-56.0730558970472,-0.012192445291812829
2017-07-31,POULTRY,155350.15249,86211.4895,1.7357902329698607,149645.0614438837,category_level,-5705.091046116315,-0.03672407754143373
2017-07-31,PREPARED FOODS,34180.07107,17463.24102,1.8430942976670825,32186.39994274789,category_level,-1993.6711272521097,-0.0583284664086601
2017-07-31,PRODUCE,915560.964,502779.5241,1.7836736155071242,896794.5715543983,category_level,-18766.392445601756,-0.020497152219785722
2017-07-31,SCHOOL AND OFFICE SUPPLIES,23627.0,16816.0,1.8319417822682824,30805.933010623437,category_level,7178.933010623437,0.30384445806168525
2017-07-31,SEAFOOD,8209.55801,5430.767,1.5097721180857726,8199.220596420317,category_level,-10.337413579683925,-0.0012591924640878351
2017-08-07,AUTOMOTIVE,2634.0,1061.0,2.3097340641494113,2450.6278420625254,category_level,-183.37215793747464,-0.06961737203396912
2017-08-07,BABY CARE,53.0,13.0,2.7843336724313326,36.19633774160732,category_level,-16.803662258392677,-0.31705023129042786
2017-08-07,BEAUTY,2422.0,1169.0,1.964977908689249,2297.059175257732,category_level,-124.94082474226798,-0.05158580707773244
2017-08-07,BEVERAGES,1223297.0,574085.0,1.9544707649760995,1122032.3491113042,category_level,-101264.65088869585,-0.08278010236982176
2017-08-07,BOOKS,4.0,0.0,1.6005528680027643,0.0,category_level,-4.0,-1.0
2017-08-07,BREAD/BAKERY,194256.6392,92388.9027,1.998859798703634,184672.46345337166,category_level,-9584.175746628345,-0.0493376997877576
2017-08-07,CELEBRATION,4815.0,2086.0,2.1235664881036094,4429.759694184129,category_level,-385.24030581587067,-0.08000837088595444
2017-08-07,CLEANING,385393.0,172228.0,2.160055926029575,372022.11202822166,category_level,-13370.887971778342,-0.03469416406571563
2017-08-07,DAIRY,297262.0,149685.0,1.9121646467618958,286222.3651505544,category_level,-11039.634849445603,-0.037137726481842964
2017-08-07,DELI,106659.25944,48425.32514,2.1488492897387452,104058.72553245681,category_level,-2600.533907543184,-0.024381698515411932
2017-08-07,EGGS,69959.0,31448.0,2.1220284663136915,66733.55120863297,category_level,-3225.448791367031,-0.04610484414252678
2017-08-07,FROZEN FOODS,47837.761,22699.42585,1.988447322739547,45136.612559157365,category_level,-2701.148440842633,-0.05646477561612119
2017-08-07,GROCERY I,1598694.319,730850.8200000001,2.085151890718367,1523934.969156069,category_level,-74759.34984393092,-0.04676275442743406
2017-08-07,GROCERY II,10133.0,5191.0,1.8644683666958146,9678.455291517974,category_level,-454.5447084820262,-0.044857861293005646
2017-08-07,HARDWARE,571.0,233.0,2.2259140474663246,518.6379730596536,category_level,-52.36202694034637,-0.09170232388852254
2017-08-07,HOME AND KITCHEN I,12282.0,5708.0,2.197046924277659,12540.743843776878,category_level,258.74384377687784,0.021066914490871017
2017-08-07,HOME AND KITCHEN II,10931.0,5177.0,1.972988890810063,10214.163487723696,category_level,-716.8365122763043,-0.06557831051837017
2017-08-07,HOME APPLIANCES,68.0,43.0,1.8807537012113056,80.87240915208614,category_level,12.872409152086135,0.18930013458950198
2017-08-07,HOME CARE,97471.0,44615.0,2.0762181732311964,92630.47379870983,category_level,-4840.526201290166,-0.049661193599020895
2017-08-07,LADIESWEAR,3412.0,1836.0,1.8303848212840657,3360.5865318775445,category_level,-51.41346812245547,-0.015068425592747793
2017-08-07,LAWN AND GARDEN,5772.0,2720.0,2.0002537922417662,5440.690314897604,category_level,-331.30968510239563,-0.057399460343450386
2017-08-07,LINGERIE,2912.0,1387.0,2.2340314952445297,3098.6016839041627,category_level,186.60168390416266,0.06408024859346245
2017-08-07,"LIQUOR,WINE,BEER",41552.0,17867.0,2.188090607257225,39094.614879864836,category_level,-2457.3851201351645,-0.059139996152656055
2017-08-07,MAGAZINES,2982.0,1586.0,1.825972405186161,2895.9922346252515,category_level,-86.00776537474849,-0.028842308978788894
2017-08-07,MEATS,132982.9319,65900.2418,1.9545183747007162,128803.23349532021,category_level,-4179.698404679788,-0.03143033729939735
2017-08-07,PERSONAL CARE,107606.0,49831.0,2.122711634769719,105776.84347220986,category_level,-1829.156527790139,-0.016998648103173978
2017-08-07,PET SUPPLIES,3143.0,1749.0,1.7322586922677738,3029.7204527763365,category_level,-113.27954722366349,-0.036041854032346
2017-08-07,PLAYERS AND ELECTRONICS,4393.0,2368.0,1.8749182600507441,4439.8064398001625,category_level,46.80643980016248,0.01065477801050819
2017-08-07,POULTRY,132025.89774000001,71147.66064,1.7357902329698607,123497.41443756619,category_level,-8528.48330243383,-0.06459704837023007
2017-08-07,PREPARED FOODS,32402.68505,16331.40708,1.8430942976670825,30100.32326202782,category_level,-2302.3617879721787,-0.07105466057579629
2017-08-07,PRODUCE,821552.8383,445586.016,1.7836736155071242,794780.0201781353,category_level,-26772.818121864693,-0.032588066005911936
2017-08-07,SCHOOL AND OFFICE SUPPLIES,22812.0,14602.0,1.8319417822682824,26750.01390468146,category_level,3938.0139046814584,0.1726290507049561
2017-08-07,SEAFOOD,7110.503983,4603.67097,1.5097721180857726,6950.494071346883,category_level,-160.00991165311643,-0.022503315100543195
2017-08-14,AUTOMOTIVE,629.0,267.0,2.3097340641494113,616.6989951278928,category_level,-12.301004872107228,-0.019556446537531365
2017-08-14,BABY CARE,17.0,7.0,2.7843336724313326,19.490335707019327,category_level,2.4903357070193266,0.14649033570701922
2017-08-14,BEAUTY,676.0,352.0,1.964977908689249,691.6722238586157,category_level,15.672223858615666,0.023183763104461044
2017-08-14,BEVERAGES,345605.0,159193.0,1.9544707649760995,311138.06448884023,category_level,-34466.93551115977,-0.09972927333562816
2017-08-14,BREAD/BAKERY,57160.65203,26694.31893,1.998859798703634,53358.20096295041,category_level,-3802.4510670495874,-0.06652217796700294
2017-08-14,CELEBRATION,1191.0,488.0,2.1235664881036094,1036.3004461945613,category_level,-154.69955380543865,-0.12989047338827764
2017-08-14,CLEANING,113506.0,51532.0,2.160055926029575,111312.00198015607,category_level,-2193.99801984393,-0.01932935721322159
2017-08-14,DAIRY,83757.0,41987.0,1.9121646467618958,80286.05702359173,category_level,-3470.9429764082743,-0.04144063154611882
2017-08-14,DELI,29598.19432,13363.37221,2.1488492897387452,28715.872881972984,category_level,-882.3214380270147,-0.029809975179155276
2017-08-14,EGGS,24224.0,9414.0,2.1220284663136915,19976.77598187709,category_level,-4247.22401812291,-0.17533124249186385
2017-08-14,FROZEN FOODS,10732.28001,5228.51504,1.988447322739547,10396.626733191455,category_level,-335.65327680854534,-0.03127511362877172
2017-08-14,GROCERY I,449563.8183,205268.55479999998,2.085151890718367,428016.1151462467,category_level,-21547.703153753304,-0.04793024321938255
2017-08-14,GROCERY II,2671.0,1418.0,1.8644683666958146,2643.816143974665,category_level,-27.18385602533499,-0.010177407721952449
2017-08-14,HARDWARE,123.0,52.0,2.2259140474663246,115.74753046824888,category_level,-7.252469531751117,-0.058963166924805833
2017-08-14,HOME AND KITCHEN I,3351.0,1463.0,2.197046924277659,3214.2796502182155,category_level,-136.72034978178453,-0.040799865646608334
2017-08-14,HOME AND KITCHEN II,3116.0,1358.0,1.972988890810063,2679.3189137200657,category_level,-436.68108627993433,-0.14014155528881075
2017-08-14,HOME APPLIANCES,7.0,5.0,1.8807537012113056,9.403768506056528,category_level,2.4037685060565277,0.34339550086521825
2017-08-14,HOME CARE,27462.0,12790.0,2.0762181732311964,26554.830435627002,category_level,-907.1695643729981,-0.03303363063043471
2017-08-14,LADIESWEAR,990.0,513.0,1.8303848212840657,938.9874133187257,category_level,-51.01258668127434,-0.051527865334620546
2017-08-14,LAWN AND GARDEN,1333.0,635.0,2.0002537922417662,1270.1611580735216,category_level,-62.83884192647838,-0.04714091667402729
2017-08-14,LINGERIE,876.0,502.0,2.2340314952445297,1121.4838106127538,category_level,245.4838106127538,0.28023266051684226
2017-08-14,"LIQUOR,WINE,BEER",6300.0,2710.0,2.188090607257225,5929.725545667079,category_level,-370.27445433292087,-0.05877372290998744
2017-08-14,MAGAZINES,918.0,467.0,1.825972405186161,852.7291132219372,category_level,-65.27088677806285,-0.07110118385409896
2017-08-14,MEATS,34903.856814,17209.24198,1.9545183747007162,33635.779664580936,category_level,-1268.077149419063,-0.03633057390123246
2017-08-14,PERSONAL CARE,29864.0,14015.0,2.122711634769719,29749.80356129761,category_level,-114.19643870239088,-0.003823882892525813
2017-08-14,PET SUPPLIES,781.0,421.0,1.7322586922677738,729.2809094447327,category_level,-51.71909055526726,-0.06622162683132811
2017-08-14,PLAYERS AND ELECTRONICS,1092.0,595.0,1.8749182600507441,1115.5763647301928,category_level,23.576364730192836,0.02159007759175168
2017-08-14,POULTRY,36184.21785,19695.44588,1.7357902329698607,34187.16259249048,category_level,-1997.0552575095207,-0.055191334127718907
2017-08-14,PREPARED FOODS,9288.898051,4731.60206,1.8430942976670825,8720.788775615822,category_level,-568.1092753841785,-0.06116002912993738
2017-08-14,PRODUCE,240366.56693,127250.3475,1.7836736155071242,226973.08739986294,category_level,-13393.479530137061,-0.05572105846998903
2017-08-14,SCHOOL AND OFFICE SUPPLIES,5356.0,3681.0,1.8319417822682824,6743.377700529548,category_level,1387.3777005295478,0.259032431017466
2017-08-14,SEAFOOD,1940.857003,1308.690009,1.5097721180857726,1975.8236868056188,category_level,34.966683805618686,0.018016105128595444
